Current Period,Customer ID,Periods Active,Current Customer (Y/N),Period Acquired,Period Terminated,Acquisition Channel,Region,Co. Age,Size,No. Maker Contracts,No. Advanced Contracts,"Revenue, Total",Maker Revenue,Advanced Revenue
3,1434,1,N,-5,-4,External,Northeast,0-5yrs,Medium,1,1,50000,21000,29000
3,1435,4,N,-5,-1,External,West,6-10yrs,Small,0,0,0,0,0
3,1436,2,N,-5,-3,External,West,0-5yrs,Medium,1,0,21000,21000,0
3,1437,3,N,-5,-2,External,Southeast,10+yrs,Small,1,0,21000,21000,0
3,1438,2,N,-5,-3,External,Southwest,0-5yrs,Small,0,1,29000,0,29000
3,1439,1,N,-5,-4,External,Southwest,10+yrs,Small,2,0,42000,42000,0
3,1440,1,N,-5,-4,Internal,Southwest,6-10yrs,Small,0,0,0,0,0
3,1441,1,N,-5,-4,Internal,Northeast,10+yrs,Small,0,1,29000,0,29000
3,1442,1,N,-5,-4,Internal,Midwest,6-10yrs,Small,1,0,21000,21000,0
3,1443,2,N,-5,-3,Internal,Northeast,10+yrs,Large,0,0,0,0,0
3,1444,1,N,-5,-4,Internal,West,6-10yrs,Large,1,1,50000,21000,29000
3,1445,1,N,-5,-4,Internal,Southeast,6-10yrs,Medium,1,0,21000,21000,0
3,1473,1,N,-4,-3,External,Southeast,0-5yrs,Medium,0,0,0,0,0
3,1474,1,N,-4,-3,External,Southwest,0-5yrs,Small,0,1,29000,0,29000
3,1475,1,N,-4,-3,External,West,0-5yrs,Medium,2,0,42000,42000,0
3,1476,1,N,-4,-3,External,Midwest,0-5yrs,Small,1,0,21000,21000,0
3,1477,1,N,-4,-3,External,Northeast,10+yrs,Small,1,1,50000,21000,29000
3,1478,2,N,-4,-2,External,Midwest,0-5yrs,Medium,1,0,21000,21000,0
3,1479,5,N,-4,1,External,Southeast,0-5yrs,Small,1,0,21000,21000,0
3,1480,1,N,-4,-3,External,Southeast,0-5yrs,Small,1,1,50000,21000,29000
3,1481,3,N,-4,-1,External,Southeast,6-10yrs,Small,0,0,0,0,0
3,1482,1,N,-4,-3,External,Midwest,6-10yrs,Small,2,0,42000,42000,0
3,1483,1,N,-4,-3,External,Southeast,0-5yrs,Small,0,2,58000,0,58000
3,1484,3,N,-4,-1,External,Southwest,10+yrs,Medium,0,2,58000,0,58000
3,1485,3,N,-4,-1,External,Northeast,0-5yrs,Small,1,2,79000,21000,58000
3,1486,1,N,-4,-3,External,West,0-5yrs,Large,0,0,0,0,0
3,1487,1,N,-4,-3,External,Southwest,0-5yrs,Medium,0,0,0,0,0
3,1488,1,N,-4,-3,External,Midwest,0-5yrs,Small,1,0,21000,21000,0
3,1489,1,N,-4,-3,External,Southwest,10+yrs,Small,0,0,0,0,0
3,1490,1,N,-4,-3,External,Midwest,0-5yrs,Small,2,0,42000,42000,0
3,1491,1,N,-4,-3,External,West,6-10yrs,Small,0,2,58000,0,58000
3,1492,1,N,-4,-3,External,Midwest,6-10yrs,Small,0,1,29000,0,29000
3,1493,1,N,-4,-3,External,Northeast,10+yrs,Small,4,0,84000,84000,0
3,1494,1,N,-4,-3,External,Midwest,0-5yrs,Small,3,1,92000,63000,29000
3,1495,1,N,-4,-3,External,Midwest,10+yrs,Small,1,0,21000,21000,0
3,1496,3,N,-4,-1,External,Southeast,0-5yrs,Large,0,0,0,0,0
3,1497,1,N,-4,-3,External,Midwest,10+yrs,Small,0,1,29000,0,29000
3,1498,3,N,-4,-1,External,Midwest,10+yrs,Small,0,0,0,0,0
3,1499,2,N,-4,-2,External,Southeast,6-10yrs,Small,0,2,58000,0,58000
3,1500,2,N,-4,-2,External,Midwest,0-5yrs,Medium,2,2,100000,42000,58000
3,1501,4,N,-4,0,External,Northeast,0-5yrs,Small,0,0,0,0,0
3,1502,3,N,-4,-1,External,West,0-5yrs,Large,0,0,0,0,0
3,1503,1,N,-4,-3,External,Southeast,10+yrs,Small,1,0,21000,21000,0
3,1504,1,N,-4,-3,External,West,0-5yrs,Medium,1,0,21000,21000,0
3,1505,1,N,-4,-3,External,Northeast,0-5yrs,Small,0,1,29000,0,29000
3,1506,1,N,-4,-3,External,West,0-5yrs,Medium,0,0,0,0,0
3,1507,2,N,-4,-2,External,West,0-5yrs,Small,1,0,21000,21000,0
3,1508,2,N,-4,-2,External,Southwest,0-5yrs,Small,0,1,29000,0,29000
3,1509,1,N,-4,-3,External,Southwest,0-5yrs,Small,1,0,21000,21000,0
3,1510,1,N,-4,-3,External,Southwest,6-10yrs,Medium,0,0,0,0,0
3,1511,1,N,-4,-3,External,Midwest,0-5yrs,Small,4,0,84000,84000,0
3,1512,3,N,-4,-1,External,Southeast,6-10yrs,Large,1,0,21000,21000,0
3,1513,2,N,-4,-2,Internal,West,10+yrs,Small,1,0,21000,21000,0
3,1514,2,N,-4,-2,Internal,West,10+yrs,Small,1,0,21000,21000,0
3,1515,1,N,-4,-3,Internal,Southeast,10+yrs,Small,0,0,0,0,0
3,1516,1,N,-4,-3,Internal,Southwest,6-10yrs,Small,0,0,0,0,0
3,1517,5,N,-4,1,Internal,Southeast,0-5yrs,Medium,1,0,21000,21000,0
3,1518,1,N,-4,-3,Internal,Northeast,10+yrs,Medium,0,1,29000,0,29000
3,1519,1,N,-4,-3,Internal,Northeast,0-5yrs,Small,0,1,29000,0,29000
3,1520,1,N,-4,-3,Internal,Southwest,6-10yrs,Large,1,0,21000,21000,0
3,1521,2,N,-4,-2,Internal,Southwest,6-10yrs,Medium,0,2,58000,0,58000
3,1522,1,N,-4,-3,Internal,Southwest,0-5yrs,Small,1,0,21000,21000,0
3,1523,3,N,-4,-1,Internal,Midwest,0-5yrs,Large,3,1,92000,63000,29000
3,1524,1,N,-4,-3,Internal,Southeast,0-5yrs,Medium,0,0,0,0,0
3,1525,2,N,-4,-2,Internal,West,0-5yrs,Small,1,1,50000,21000,29000
3,1526,3,N,-4,-1,Internal,West,0-5yrs,Small,0,0,0,0,0
3,1527,1,N,-4,-3,Internal,Southwest,10+yrs,Medium,0,0,0,0,0
3,1528,1,N,-4,-3,Internal,West,0-5yrs,Medium,0,0,0,0,0
3,1529,1,N,-4,-3,Internal,Southwest,0-5yrs,Medium,0,1,29000,0,29000
3,1530,2,N,-4,-2,Internal,Midwest,0-5yrs,Medium,0,1,29000,0,29000
3,1531,1,N,-4,-3,Internal,Northeast,6-10yrs,Small,0,1,29000,0,29000
3,1532,1,N,-4,-3,Internal,Northeast,10+yrs,Small,1,0,21000,21000,0
3,1533,1,N,-4,-3,Internal,Midwest,10+yrs,Medium,1,2,79000,21000,58000
3,1534,1,N,-4,-3,Internal,West,6-10yrs,Medium,0,1,29000,0,29000
3,1535,1,N,-4,-3,Internal,Southwest,10+yrs,Medium,0,1,29000,0,29000
3,1536,3,N,-4,-1,Internal,Southeast,6-10yrs,Large,1,0,21000,21000,0
3,1537,2,N,-4,-2,Internal,Southwest,0-5yrs,Small,1,1,50000,21000,29000
3,1538,1,N,-4,-3,Internal,Southwest,0-5yrs,Small,0,0,0,0,0
3,1539,2,N,-4,-2,Internal,Northeast,10+yrs,Small,0,3,87000,0,87000
3,1540,1,N,-4,-3,Internal,Midwest,6-10yrs,Small,0,0,0,0,0
3,1541,1,N,-4,-3,Internal,Southeast,10+yrs,Medium,0,2,58000,0,58000
3,1542,2,N,-4,-2,Internal,Southwest,10+yrs,Small,0,3,87000,0,87000
3,1543,1,N,-4,-3,Internal,Midwest,0-5yrs,Medium,0,0,0,0,0
3,1544,1,N,-4,-3,Internal,Southwest,0-5yrs,Small,1,1,50000,21000,29000
3,1545,2,N,-4,-2,Internal,West,0-5yrs,Large,3,0,63000,63000,0
3,1546,1,N,-4,-3,Internal,Northeast,6-10yrs,Medium,1,1,50000,21000,29000
3,1547,3,N,-4,-1,Internal,West,10+yrs,Small,0,2,58000,0,58000
3,1548,2,N,-4,-2,Internal,Southeast,0-5yrs,Small,0,0,0,0,0
3,1549,6,N,-4,2,Internal,Midwest,0-5yrs,Large,1,0,21000,21000,0
3,1550,2,N,-4,-2,Internal,Midwest,0-5yrs,Small,1,0,21000,21000,0
3,1551,3,N,-4,-1,Internal,West,6-10yrs,Small,0,2,58000,0,58000
3,1580,1,N,-3,-2,Referral,Southwest,0-5yrs,Small,1,0,21000,21000,0
3,1581,1,N,-3,-2,External,Southeast,10+yrs,Small,1,1,50000,21000,29000
3,1582,3,N,-3,0,External,Southeast,0-5yrs,Small,0,1,29000,0,29000
3,1583,2,N,-3,-1,External,Midwest,0-5yrs,Medium,1,0,21000,21000,0
3,1584,3,N,-3,0,External,Southwest,0-5yrs,Medium,0,0,0,0,0
3,1585,3,N,-3,0,External,Midwest,0-5yrs,Small,1,0,21000,21000,0
3,1586,2,N,-3,-1,External,Southeast,0-5yrs,Medium,0,0,0,0,0
3,1587,1,N,-3,-2,External,West,0-5yrs,Small,0,0,0,0,0
3,1588,1,N,-3,-2,External,Northeast,6-10yrs,Small,0,0,0,0,0
3,1589,1,N,-3,-2,External,Midwest,6-10yrs,Large,1,0,21000,21000,0
3,1590,1,N,-3,-2,External,Midwest,6-10yrs,Small,1,0,21000,21000,0
3,1591,2,N,-3,-1,External,Southwest,0-5yrs,Medium,1,0,21000,21000,0
3,1592,2,N,-3,-1,External,West,0-5yrs,Small,0,0,0,0,0
3,1593,1,N,-3,-2,External,Midwest,10+yrs,Small,0,0,0,0,0
3,1594,1,N,-3,-2,External,Midwest,0-5yrs,Small,1,0,21000,21000,0
3,1595,1,N,-3,-2,External,West,0-5yrs,Medium,1,0,21000,21000,0
3,1596,1,N,-3,-2,External,Midwest,0-5yrs,Medium,0,0,0,0,0
3,1597,4,N,-3,1,External,Southeast,0-5yrs,Medium,1,2,79000,21000,58000
3,1598,1,N,-3,-2,External,Midwest,0-5yrs,Medium,1,1,50000,21000,29000
3,1599,1,N,-3,-2,External,Northeast,0-5yrs,Small,1,0,21000,21000,0
3,1600,2,N,-3,-1,External,Northeast,0-5yrs,Small,0,1,29000,0,29000
3,1601,4,N,-3,1,External,Northeast,10+yrs,Small,3,0,63000,63000,0
3,1602,1,N,-3,-2,External,Southeast,0-5yrs,Small,0,0,0,0,0
3,1603,1,N,-3,-2,External,Southwest,10+yrs,Medium,0,1,29000,0,29000
3,1604,2,N,-3,-1,External,West,6-10yrs,Small,2,1,71000,42000,29000
3,1605,1,N,-3,-2,External,Southwest,0-5yrs,Small,0,0,0,0,0
3,1606,1,N,-3,-2,Internal,Midwest,10+yrs,Small,1,0,21000,21000,0
3,1607,1,N,-3,-2,Internal,Midwest,6-10yrs,Small,0,0,0,0,0
3,1608,3,N,-3,0,Internal,Southeast,10+yrs,Medium,0,1,29000,0,29000
3,1609,1,N,-3,-2,Internal,Midwest,0-5yrs,Small,0,1,29000,0,29000
3,1610,2,N,-3,-1,Internal,West,0-5yrs,Medium,1,0,21000,21000,0
3,1611,1,N,-3,-2,Internal,Northeast,6-10yrs,Small,0,0,0,0,0
3,1612,1,N,-3,-2,Internal,West,0-5yrs,Small,0,0,0,0,0
3,1613,1,N,-3,-2,Internal,Midwest,0-5yrs,Medium,0,1,29000,0,29000
3,1614,1,N,-3,-2,Internal,West,0-5yrs,Medium,0,1,29000,0,29000
3,1615,1,N,-3,-2,Internal,West,6-10yrs,Small,0,1,29000,0,29000
3,1616,3,N,-3,0,Internal,Midwest,10+yrs,Large,0,1,29000,0,29000
3,1617,1,N,-3,-2,Internal,Midwest,0-5yrs,Small,2,1,71000,42000,29000
3,1618,2,N,-3,-1,Internal,West,6-10yrs,Small,2,3,129000,42000,87000
3,1619,1,N,-3,-2,Internal,Northeast,0-5yrs,Medium,0,1,29000,0,29000
3,1620,1,N,-3,-2,Internal,Midwest,0-5yrs,Small,0,0,0,0,0
3,1621,1,N,-3,-2,Internal,Southwest,0-5yrs,Medium,0,0,0,0,0
3,1622,1,N,-3,-2,Internal,Northeast,0-5yrs,Small,1,0,21000,21000,0
3,1623,1,N,-3,-2,Internal,Southwest,6-10yrs,Small,0,0,0,0,0
3,1624,2,N,-3,-1,Internal,Midwest,10+yrs,Small,1,2,79000,21000,58000
3,1625,1,N,-3,-2,Internal,Midwest,0-5yrs,Medium,2,2,100000,42000,58000
3,1626,2,N,-3,-1,Internal,Southwest,0-5yrs,Medium,0,2,58000,0,58000
3,1627,3,N,-3,0,Internal,West,0-5yrs,Small,0,1,29000,0,29000
3,1628,3,N,-3,0,Internal,Southwest,6-10yrs,Small,2,1,71000,42000,29000
3,1629,4,N,-3,1,Internal,West,0-5yrs,Medium,1,2,79000,21000,58000
3,1630,1,N,-3,-2,Internal,Southwest,0-5yrs,Small,1,0,21000,21000,0
3,1667,3,N,-2,1,External,Northeast,0-5yrs,Large,0,1,29000,0,29000
3,1668,3,N,-2,1,External,Southeast,0-5yrs,Medium,4,3,171000,84000,87000
3,1669,2,N,-2,0,External,Southwest,6-10yrs,Small,0,2,58000,0,58000
3,1670,1,N,-2,-1,External,Northeast,10+yrs,Small,0,1,29000,0,29000
3,1671,2,N,-2,0,External,Midwest,6-10yrs,Small,0,2,58000,0,58000
3,1672,1,N,-2,-1,External,Southeast,0-5yrs,Small,0,2,58000,0,58000
3,1673,2,N,-2,0,External,Northeast,10+yrs,Small,0,0,0,0,0
3,1674,1,N,-2,-1,External,Northeast,10+yrs,Small,2,1,71000,42000,29000
3,1675,1,N,-2,-1,External,Southeast,6-10yrs,Medium,0,1,29000,0,29000
3,1676,1,N,-2,-1,External,Midwest,0-5yrs,Small,1,1,50000,21000,29000
3,1677,1,N,-2,-1,External,West,0-5yrs,Small,1,0,21000,21000,0
3,1678,2,N,-2,0,External,Southwest,10+yrs,Small,1,1,50000,21000,29000
3,1679,1,N,-2,-1,External,Southeast,10+yrs,Small,1,0,21000,21000,0
3,1680,3,N,-2,1,External,West,0-5yrs,Small,3,0,63000,63000,0
3,1681,5,Y,-2,,External,Midwest,0-5yrs,Small,1,3,108000,21000,87000
3,1682,1,N,-2,-1,External,West,10+yrs,Medium,0,0,0,0,0
3,1683,4,N,-2,2,External,West,6-10yrs,Small,2,0,42000,42000,0
3,1684,2,N,-2,0,External,Southwest,6-10yrs,Small,0,0,0,0,0
3,1685,1,N,-2,-1,External,West,10+yrs,Small,0,1,29000,0,29000
3,1686,2,N,-2,0,External,Southeast,6-10yrs,Small,2,1,71000,42000,29000
3,1687,3,N,-2,1,External,West,0-5yrs,Small,0,0,0,0,0
3,1688,2,N,-2,0,External,Southeast,0-5yrs,Small,1,1,50000,21000,29000
3,1689,1,N,-2,-1,External,Midwest,0-5yrs,Medium,1,3,108000,21000,87000
3,1690,2,N,-2,0,External,Southwest,0-5yrs,Medium,2,1,71000,42000,29000
3,1691,2,N,-2,0,External,Northeast,10+yrs,Large,2,1,71000,42000,29000
3,1692,2,N,-2,0,External,Southwest,0-5yrs,Small,0,0,0,0,0
3,1693,1,N,-2,-1,External,Southwest,6-10yrs,Small,0,1,29000,0,29000
3,1694,1,N,-2,-1,External,Northeast,0-5yrs,Medium,0,0,0,0,0
3,1695,4,N,-2,2,External,Northeast,0-5yrs,Medium,2,0,42000,42000,0
3,1696,1,N,-2,-1,External,Southwest,6-10yrs,Small,0,0,0,0,0
3,1697,2,N,-2,0,External,Midwest,0-5yrs,Small,0,0,0,0,0
3,1698,2,N,-2,0,External,West,0-5yrs,Medium,1,1,50000,21000,29000
3,1699,1,N,-2,-1,External,Southeast,0-5yrs,Small,0,0,0,0,0
3,1700,3,N,-2,1,External,Southwest,0-5yrs,Small,0,0,0,0,0
3,1701,1,N,-2,-1,External,Southwest,6-10yrs,Medium,1,0,21000,21000,0
3,1702,1,N,-2,-1,External,West,6-10yrs,Small,2,0,42000,42000,0
3,1703,1,N,-2,-1,External,Northeast,0-5yrs,Small,2,0,42000,42000,0
3,1704,3,N,-2,1,External,Midwest,10+yrs,Small,3,0,63000,63000,0
3,1705,1,N,-2,-1,External,Southwest,6-10yrs,Small,0,0,0,0,0
3,1706,1,N,-2,-1,External,West,6-10yrs,Small,0,1,29000,0,29000
3,1707,1,N,-2,-1,External,Northeast,0-5yrs,Small,0,0,0,0,0
3,1708,2,N,-2,0,External,Southwest,0-5yrs,Medium,0,2,58000,0,58000
3,1709,3,N,-2,1,External,Northeast,0-5yrs,Small,2,2,100000,42000,58000
3,1710,2,N,-2,0,External,Northeast,0-5yrs,Medium,2,0,42000,42000,0
3,1711,1,N,-2,-1,External,Northeast,10+yrs,Small,0,2,58000,0,58000
3,1712,4,N,-2,2,External,Southeast,10+yrs,Small,1,0,21000,21000,0
3,1713,1,N,-2,-1,External,West,10+yrs,Small,0,1,29000,0,29000
3,1714,3,N,-2,1,External,Southwest,0-5yrs,Medium,0,0,0,0,0
3,1715,1,N,-2,-1,External,Northeast,0-5yrs,Small,1,0,21000,21000,0
3,1716,3,N,-2,1,External,Midwest,0-5yrs,Medium,1,3,108000,21000,87000
3,1717,1,N,-2,-1,External,Midwest,0-5yrs,Small,1,0,21000,21000,0
3,1718,1,N,-2,-1,External,Southwest,0-5yrs,Medium,0,0,0,0,0
3,1719,2,N,-2,0,External,Southwest,0-5yrs,Small,1,0,21000,21000,0
3,1720,1,N,-2,-1,External,Midwest,0-5yrs,Medium,0,2,58000,0,58000
3,1721,1,N,-2,-1,External,West,0-5yrs,Small,0,0,0,0,0
3,1722,1,N,-2,-1,External,West,10+yrs,Small,2,2,100000,42000,58000
3,1723,2,N,-2,0,Internal,Northeast,0-5yrs,Small,0,1,29000,0,29000
3,1724,1,N,-2,-1,Internal,Midwest,0-5yrs,Medium,0,1,29000,0,29000
3,1725,2,N,-2,0,Internal,Southwest,0-5yrs,Small,0,0,0,0,0
3,1726,2,N,-2,0,Internal,Northeast,10+yrs,Small,0,0,0,0,0
3,1727,4,N,-2,2,Internal,Northeast,0-5yrs,Small,1,1,50000,21000,29000
3,1728,5,Y,-2,,Internal,Midwest,6-10yrs,Medium,1,2,79000,21000,58000
3,1729,1,N,-2,-1,Internal,Midwest,10+yrs,Small,0,1,29000,0,29000
3,1730,1,N,-2,-1,Internal,West,0-5yrs,Small,0,0,0,0,0
3,1731,3,N,-2,1,Internal,Northeast,10+yrs,Small,0,2,58000,0,58000
3,1732,5,Y,-2,,Internal,Southwest,0-5yrs,Medium,0,0,0,0,0
3,1733,3,N,-2,1,Internal,Northeast,0-5yrs,Small,0,0,0,0,0
3,1734,1,N,-2,-1,Internal,Southeast,0-5yrs,Large,0,0,0,0,0
3,1735,3,N,-2,1,Internal,Midwest,0-5yrs,Medium,0,0,0,0,0
3,1736,1,N,-2,-1,Internal,Southwest,6-10yrs,Medium,0,5,145000,0,145000
3,1737,3,N,-2,1,Internal,Midwest,0-5yrs,Medium,0,0,0,0,0
3,1738,2,N,-2,0,Internal,West,0-5yrs,Medium,0,2,58000,0,58000
3,1739,1,N,-2,-1,Internal,Northeast,10+yrs,Small,0,0,0,0,0
3,1740,2,N,-2,0,Internal,West,6-10yrs,Small,0,0,0,0,0
3,1741,2,N,-2,0,Internal,Midwest,0-5yrs,Large,0,0,0,0,0
3,1742,2,N,-2,0,Internal,Midwest,0-5yrs,Small,3,0,63000,63000,0
3,1743,2,N,-2,0,Internal,Southeast,0-5yrs,Medium,1,1,50000,21000,29000
3,1744,5,Y,-2,,Internal,Southeast,0-5yrs,Small,0,0,0,0,0
3,1745,1,N,-2,-1,Internal,Southwest,0-5yrs,Medium,1,1,50000,21000,29000
3,1746,5,Y,-2,,Internal,Southeast,0-5yrs,Small,3,1,92000,63000,29000
3,1747,2,N,-2,0,Internal,Southeast,0-5yrs,Medium,0,0,0,0,0
3,1748,4,N,-2,2,Internal,Southeast,0-5yrs,Small,0,0,0,0,0
3,1749,1,N,-2,-1,Internal,Southeast,0-5yrs,Small,1,0,21000,21000,0
3,1750,1,N,-2,-1,Internal,West,0-5yrs,Small,0,2,58000,0,58000
3,1751,1,N,-2,-1,Internal,Midwest,0-5yrs,Small,0,0,0,0,0
3,1752,2,N,-2,0,Internal,Southwest,0-5yrs,Small,1,3,108000,21000,87000
3,1753,3,N,-2,1,Internal,Southwest,0-5yrs,Medium,0,0,0,0,0
3,1754,3,N,-2,1,Internal,Northeast,6-10yrs,Small,1,2,79000,21000,58000
3,1755,4,N,-2,2,Internal,Southwest,0-5yrs,Large,2,0,42000,42000,0
3,1756,1,N,-2,-1,Internal,West,0-5yrs,Medium,1,0,21000,21000,0
3,1757,1,N,-2,-1,Internal,Southeast,6-10yrs,Small,1,1,50000,21000,29000
3,1758,1,N,-2,-1,Internal,Northeast,0-5yrs,Small,1,0,21000,21000,0
3,1759,2,N,-2,0,Internal,West,0-5yrs,Medium,0,1,29000,0,29000
3,1760,2,N,-2,0,Internal,West,6-10yrs,Medium,1,2,79000,21000,58000
3,1761,1,N,-2,-1,Internal,West,6-10yrs,Small,0,1,29000,0,29000
3,1762,1,N,-2,-1,Internal,Southwest,0-5yrs,Small,1,0,21000,21000,0
3,1763,4,N,-2,2,Internal,Southeast,0-5yrs,Small,1,0,21000,21000,0
3,1764,2,N,-2,0,Internal,Midwest,10+yrs,Large,1,1,50000,21000,29000
3,1765,3,N,-2,1,Internal,Northeast,6-10yrs,Medium,1,3,108000,21000,87000
3,1766,1,N,-2,-1,Internal,Northeast,6-10yrs,Small,1,0,21000,21000,0
3,1767,1,N,-2,-1,Internal,West,0-5yrs,Small,2,0,42000,42000,0
3,1768,1,N,-2,-1,Internal,Northeast,0-5yrs,Small,1,0,21000,21000,0
3,1769,1,N,-2,-1,Internal,Southeast,6-10yrs,Medium,0,0,0,0,0
3,1770,2,N,-2,0,Internal,Southwest,6-10yrs,Small,0,0,0,0,0
3,1771,3,N,-2,1,Internal,Midwest,0-5yrs,Large,1,1,50000,21000,29000
3,1772,4,N,-2,2,Internal,Northeast,10+yrs,Small,3,1,92000,63000,29000
3,1773,2,N,-2,0,Internal,Southeast,0-5yrs,Medium,0,3,87000,0,87000
3,1774,1,N,-2,-1,Internal,Northeast,0-5yrs,Small,1,0,21000,21000,0
3,1775,3,N,-2,1,Internal,Northeast,6-10yrs,Medium,0,0,0,0,0
3,1776,2,N,-2,0,Internal,Midwest,0-5yrs,Medium,1,2,79000,21000,58000
3,1777,4,N,-2,2,Internal,Southeast,6-10yrs,Large,2,2,100000,42000,58000
3,1778,1,N,-2,-1,Internal,Southeast,10+yrs,Small,2,0,42000,42000,0
3,1818,4,Y,-1,,External,West,10+yrs,Medium,3,1,92000,63000,29000
3,1819,2,N,-1,1,External,Southwest,6-10yrs,Small,0,0,0,0,0
3,1820,1,N,-1,0,External,Northeast,6-10yrs,Medium,0,0,0,0,0
3,1821,3,N,-1,2,External,Northeast,10+yrs,Small,0,0,0,0,0
3,1822,1,N,-1,0,External,Southwest,6-10yrs,Medium,1,0,21000,21000,0
3,1823,3,N,-1,2,External,West,0-5yrs,Small,1,1,50000,21000,29000
3,1824,1,N,-1,0,External,Southwest,6-10yrs,Small,0,0,0,0,0
3,1825,1,N,-1,0,External,Southwest,10+yrs,Small,0,0,0,0,0
3,1826,3,N,-1,2,External,West,10+yrs,Small,1,0,21000,21000,0
3,1827,1,N,-1,0,External,Southeast,0-5yrs,Medium,0,1,29000,0,29000
3,1828,1,N,-1,0,External,Northeast,0-5yrs,Small,0,0,0,0,0
3,1829,3,N,-1,2,External,Southwest,6-10yrs,Medium,0,0,0,0,0
3,1830,4,Y,-1,,External,Midwest,0-5yrs,Small,0,0,0,0,0
3,1831,2,N,-1,1,External,West,6-10yrs,Medium,1,0,21000,21000,0
3,1832,3,N,-1,2,External,West,0-5yrs,Small,1,2,79000,21000,58000
3,1833,2,N,-1,1,External,West,0-5yrs,Small,3,1,92000,63000,29000
3,1834,2,N,-1,1,External,Northeast,6-10yrs,Medium,3,2,121000,63000,58000
3,1835,4,Y,-1,,External,Midwest,6-10yrs,Medium,3,0,63000,63000,0
3,1836,1,N,-1,0,External,Southeast,10+yrs,Large,0,1,29000,0,29000
3,1837,1,N,-1,0,External,Northeast,0-5yrs,Small,0,1,29000,0,29000
3,1838,3,N,-1,2,External,Northeast,10+yrs,Large,0,0,0,0,0
3,1839,3,N,-1,2,External,Southeast,10+yrs,Small,1,0,21000,21000,0
3,1840,2,N,-1,1,External,Northeast,0-5yrs,Medium,0,0,0,0,0
3,1841,1,N,-1,0,External,West,0-5yrs,Small,0,1,29000,0,29000
3,1842,2,N,-1,1,External,West,10+yrs,Large,0,1,29000,0,29000
3,1843,4,Y,-1,,External,Southeast,6-10yrs,Small,5,4,221000,105000,116000
3,1844,4,Y,-1,,External,Southwest,0-5yrs,Small,1,2,79000,21000,58000
3,1845,2,N,-1,1,External,West,10+yrs,Small,1,0,21000,21000,0
3,1846,1,N,-1,0,External,Southwest,6-10yrs,Medium,1,2,79000,21000,58000
3,1847,1,N,-1,0,External,Northeast,0-5yrs,Medium,0,2,58000,0,58000
3,1848,1,N,-1,0,External,West,0-5yrs,Small,0,3,87000,0,87000
3,1849,3,N,-1,2,External,Southeast,6-10yrs,Small,0,0,0,0,0
3,1850,1,N,-1,0,External,West,6-10yrs,Medium,0,2,58000,0,58000
3,1851,1,N,-1,0,External,Southwest,0-5yrs,Small,0,0,0,0,0
3,1852,1,N,-1,0,External,Southwest,0-5yrs,Small,2,0,42000,42000,0
3,1853,3,N,-1,2,External,Northeast,10+yrs,Medium,1,0,21000,21000,0
3,1854,4,Y,-1,,External,Northeast,0-5yrs,Medium,1,3,108000,21000,87000
3,1855,1,N,-1,0,External,Midwest,10+yrs,Small,0,0,0,0,0
3,1856,4,Y,-1,,External,Midwest,6-10yrs,Small,0,1,29000,0,29000
3,1857,4,Y,-1,,External,Northeast,0-5yrs,Small,0,0,0,0,0
3,1858,2,N,-1,1,External,Southwest,0-5yrs,Small,2,0,42000,42000,0
3,1859,1,N,-1,0,External,Northeast,0-5yrs,Small,0,0,0,0,0
3,1860,2,N,-1,1,External,Southeast,0-5yrs,Small,2,0,42000,42000,0
3,1861,2,N,-1,1,External,Southeast,0-5yrs,Medium,3,2,121000,63000,58000
3,1862,2,N,-1,1,External,Northeast,0-5yrs,Medium,0,0,0,0,0
3,1863,1,N,-1,0,External,Southwest,10+yrs,Small,1,0,21000,21000,0
3,1864,1,N,-1,0,External,Southwest,10+yrs,Small,0,0,0,0,0
3,1865,1,N,-1,0,External,West,10+yrs,Large,0,2,58000,0,58000
3,1866,3,N,-1,2,External,Southeast,6-10yrs,Medium,2,1,71000,42000,29000
3,1867,1,N,-1,0,External,Southeast,6-10yrs,Small,0,0,0,0,0
3,1868,2,N,-1,1,External,Northeast,0-5yrs,Medium,0,0,0,0,0
3,1869,1,N,-1,0,External,Midwest,0-5yrs,Medium,2,0,42000,42000,0
3,1870,3,N,-1,2,External,Southeast,0-5yrs,Small,1,1,50000,21000,29000
3,1871,2,N,-1,1,External,Southwest,10+yrs,Medium,1,0,21000,21000,0
3,1872,1,N,-1,0,External,Southwest,0-5yrs,Small,0,0,0,0,0
3,1873,2,N,-1,1,Internal,Southeast,6-10yrs,Medium,2,2,100000,42000,58000
3,1874,1,N,-1,0,Internal,Northeast,10+yrs,Small,1,2,79000,21000,58000
3,1875,3,N,-1,2,Internal,Midwest,0-5yrs,Small,2,0,42000,42000,0
3,1876,1,N,-1,0,Internal,Southwest,6-10yrs,Small,3,1,92000,63000,29000
3,1877,2,N,-1,1,Internal,Midwest,6-10yrs,Small,0,0,0,0,0
3,1878,1,N,-1,0,Internal,West,0-5yrs,Medium,4,1,113000,84000,29000
3,1879,1,N,-1,0,Internal,Northeast,6-10yrs,Small,0,1,29000,0,29000
3,1880,1,N,-1,0,Internal,Southeast,6-10yrs,Medium,1,0,21000,21000,0
3,1881,1,N,-1,0,Internal,West,0-5yrs,Small,0,1,29000,0,29000
3,1882,1,N,-1,0,Internal,Northeast,10+yrs,Medium,0,0,0,0,0
3,1883,4,Y,-1,,Internal,Southeast,0-5yrs,Medium,2,0,42000,42000,0
3,1884,1,N,-1,0,Internal,Southwest,0-5yrs,Small,0,1,29000,0,29000
3,1885,1,N,-1,0,Internal,Southwest,6-10yrs,Small,1,0,21000,21000,0
3,1886,1,N,-1,0,Internal,Southwest,0-5yrs,Small,0,2,58000,0,58000
3,1887,1,N,-1,0,Internal,Southeast,0-5yrs,Medium,2,0,42000,42000,0
3,1888,1,N,-1,0,Internal,Midwest,0-5yrs,Small,1,1,50000,21000,29000
3,1889,1,N,-1,0,Internal,Northeast,10+yrs,Small,0,1,29000,0,29000
3,1890,2,N,-1,1,Internal,Midwest,6-10yrs,Small,1,0,21000,21000,0
3,1891,3,N,-1,2,Internal,Midwest,6-10yrs,Medium,1,2,79000,21000,58000
3,1892,4,Y,-1,,Internal,Northeast,0-5yrs,Small,1,3,108000,21000,87000
3,1893,4,Y,-1,,Internal,Southeast,0-5yrs,Small,1,1,50000,21000,29000
3,1894,2,N,-1,1,Internal,Northeast,6-10yrs,Medium,0,0,0,0,0
3,1895,1,N,-1,0,Internal,Southeast,0-5yrs,Small,1,0,21000,21000,0
3,1896,1,N,-1,0,Internal,Midwest,0-5yrs,Large,1,1,50000,21000,29000
3,1897,2,N,-1,1,Internal,Southeast,0-5yrs,Medium,0,0,0,0,0
3,1898,4,Y,-1,,Internal,Northeast,10+yrs,Small,0,0,0,0,0
3,1899,1,N,-1,0,Internal,Southwest,6-10yrs,Medium,1,2,79000,21000,58000
3,1900,2,N,-1,1,Internal,Midwest,0-5yrs,Small,2,0,42000,42000,0
3,1901,3,N,-1,2,Internal,Southwest,10+yrs,Small,0,3,87000,0,87000
3,1902,2,N,-1,1,Internal,Southwest,0-5yrs,Large,0,0,0,0,0
3,1903,2,N,-1,1,Internal,Northeast,0-5yrs,Medium,0,1,29000,0,29000
3,1904,2,N,-1,1,Internal,Midwest,0-5yrs,Large,2,2,100000,42000,58000
3,1905,1,N,-1,0,Internal,Southwest,10+yrs,Medium,1,1,50000,21000,29000
3,1906,4,Y,-1,,Internal,Northeast,0-5yrs,Medium,1,0,21000,21000,0
3,1907,3,N,-1,2,Internal,Southwest,0-5yrs,Large,0,2,58000,0,58000
3,1908,1,N,-1,0,Internal,West,0-5yrs,Small,0,0,0,0,0
3,1909,1,N,-1,0,Internal,Southwest,6-10yrs,Small,0,0,0,0,0
3,1910,2,N,-1,1,Internal,Northeast,10+yrs,Medium,2,0,42000,42000,0
3,1911,1,N,-1,0,Internal,Southwest,0-5yrs,Medium,1,0,21000,21000,0
3,1912,2,N,-1,1,Internal,Southeast,6-10yrs,Small,0,0,0,0,0
3,1913,1,N,-1,0,Internal,Southeast,10+yrs,Small,0,0,0,0,0
3,1914,1,N,-1,0,Internal,West,0-5yrs,Small,2,1,71000,42000,29000
3,1915,4,Y,-1,,Internal,Southeast,6-10yrs,Large,0,0,0,0,0
3,1916,1,N,-1,0,Internal,Northeast,6-10yrs,Medium,0,0,0,0,0
3,1917,1,N,-1,0,Internal,Northeast,10+yrs,Medium,1,2,79000,21000,58000
3,1918,1,N,-1,0,Internal,Southeast,0-5yrs,Small,0,0,0,0,0
3,1919,2,N,-1,1,Internal,Northeast,0-5yrs,Small,1,1,50000,21000,29000
3,1920,1,N,-1,0,Internal,Northeast,0-5yrs,Small,1,1,50000,21000,29000
3,1921,1,N,-1,0,Internal,Southeast,0-5yrs,Small,2,0,42000,42000,0
3,1922,1,N,-1,0,Internal,Southeast,0-5yrs,Medium,0,0,0,0,0
3,1923,1,N,-1,0,Internal,Northeast,0-5yrs,Small,0,0,0,0,0
3,1924,3,N,-1,2,Internal,Southwest,0-5yrs,Small,0,3,87000,0,87000
3,1925,1,N,-1,0,Internal,Southwest,0-5yrs,Small,0,0,0,0,0
3,1926,1,N,-1,0,Internal,Midwest,0-5yrs,Small,0,2,58000,0,58000
3,1927,1,N,-1,0,Internal,Southeast,0-5yrs,Small,0,0,0,0,0
3,1966,1,N,0,1,Referral,Southeast,0-5yrs,Medium,1,0,21000,21000,0
3,1967,1,N,0,1,External,West,0-5yrs,Small,0,0,0,0,0
3,1968,2,N,0,2,External,West,6-10yrs,Small,0,1,29000,0,29000
3,1969,1,N,0,1,External,Midwest,0-5yrs,Large,3,1,92000,63000,29000
3,1970,2,N,0,2,External,Southeast,0-5yrs,Small,1,1,50000,21000,29000
3,1971,1,N,0,1,External,Midwest,0-5yrs,Large,0,0,0,0,0
3,1972,3,Y,0,,External,Northeast,10+yrs,Small,0,4,116000,0,116000
3,1973,1,N,0,1,External,Southeast,0-5yrs,Medium,1,0,21000,21000,0
3,1974,1,N,0,1,External,Southwest,0-5yrs,Large,1,0,21000,21000,0
3,1975,3,Y,0,,External,Southeast,0-5yrs,Small,1,0,21000,21000,0
3,1976,1,N,0,1,External,Southeast,10+yrs,Large,0,0,0,0,0
3,1977,2,N,0,2,External,Southwest,10+yrs,Large,1,0,21000,21000,0
3,1978,3,Y,0,,External,West,6-10yrs,Small,1,0,21000,21000,0
3,1979,1,N,0,1,External,Southeast,0-5yrs,Small,0,0,0,0,0
3,1980,1,N,0,1,External,Midwest,0-5yrs,Medium,2,0,42000,42000,0
3,1981,1,N,0,1,External,Southwest,0-5yrs,Small,0,0,0,0,0
3,1982,1,N,0,1,External,Northeast,10+yrs,Small,0,0,0,0,0
3,1983,1,N,0,1,External,Southeast,0-5yrs,Small,1,1,50000,21000,29000
3,1984,3,Y,0,,External,Southwest,0-5yrs,Large,1,1,50000,21000,29000
3,1985,1,N,0,1,External,West,10+yrs,Small,0,0,0,0,0
3,1986,2,N,0,2,External,West,6-10yrs,Small,1,0,21000,21000,0
3,1987,2,N,0,2,External,Midwest,0-5yrs,Medium,1,1,50000,21000,29000
3,1988,1,N,0,1,External,Northeast,6-10yrs,Small,0,0,0,0,0
3,1989,3,Y,0,,External,Midwest,0-5yrs,Small,0,0,0,0,0
3,1990,1,N,0,1,External,Northeast,0-5yrs,Small,0,0,0,0,0
3,1991,3,Y,0,,External,Midwest,0-5yrs,Small,2,0,42000,42000,0
3,1992,1,N,0,1,External,West,0-5yrs,Medium,0,1,29000,0,29000
3,1993,1,N,0,1,External,Southeast,0-5yrs,Medium,1,0,21000,21000,0
3,1994,1,N,0,1,External,Northeast,0-5yrs,Medium,0,0,0,0,0
3,1995,1,N,0,1,External,West,10+yrs,Small,0,1,29000,0,29000
3,1996,1,N,0,1,External,Northeast,10+yrs,Small,0,0,0,0,0
3,1997,1,N,0,1,External,Southeast,0-5yrs,Small,0,0,0,0,0
3,1998,2,N,0,2,External,West,0-5yrs,Small,1,0,21000,21000,0
3,1999,3,Y,0,,External,Southeast,0-5yrs,Small,2,1,71000,42000,29000
3,2000,1,N,0,1,External,Midwest,0-5yrs,Small,3,0,63000,63000,0
3,2001,1,N,0,1,External,Southwest,0-5yrs,Small,2,0,42000,42000,0
3,2002,1,N,0,1,External,West,0-5yrs,Small,0,1,29000,0,29000
3,2003,3,Y,0,,External,Southeast,0-5yrs,Small,2,2,100000,42000,58000
3,2004,1,N,0,1,External,Southeast,6-10yrs,Small,0,1,29000,0,29000
3,2005,2,N,0,2,External,Northeast,0-5yrs,Medium,0,0,0,0,0
3,2006,3,Y,0,,External,Southeast,6-10yrs,Small,0,0,0,0,0
3,2007,2,N,0,2,External,Midwest,0-5yrs,Small,2,0,42000,42000,0
3,2008,3,Y,0,,Internal,Northeast,0-5yrs,Large,1,1,50000,21000,29000
3,2009,2,N,0,2,Internal,West,6-10yrs,Small,0,0,0,0,0
3,2010,1,N,0,1,Internal,Northeast,0-5yrs,Medium,0,0,0,0,0
3,2011,3,Y,0,,Internal,Southwest,10+yrs,Small,3,3,150000,63000,87000
3,2012,1,N,0,1,Internal,Midwest,0-5yrs,Small,3,0,63000,63000,0
3,2013,1,N,0,1,Internal,Southeast,0-5yrs,Medium,0,2,58000,0,58000
3,2014,2,N,0,2,Internal,Southeast,0-5yrs,Small,2,2,100000,42000,58000
3,2015,1,N,0,1,Internal,Southwest,0-5yrs,Small,0,0,0,0,0
3,2016,1,N,0,1,Internal,Northeast,6-10yrs,Small,1,0,21000,21000,0
3,2017,1,N,0,1,Internal,West,0-5yrs,Small,0,0,0,0,0
3,2018,1,N,0,1,Internal,Northeast,0-5yrs,Small,0,0,0,0,0
3,2019,1,N,0,1,Internal,Northeast,6-10yrs,Small,0,0,0,0,0
3,2020,3,Y,0,,Internal,Southeast,10+yrs,Small,1,0,21000,21000,0
3,2021,3,Y,0,,Internal,Midwest,0-5yrs,Medium,0,0,0,0,0
3,2022,2,N,0,2,Internal,Southwest,6-10yrs,Small,1,0,21000,21000,0
3,2023,3,Y,0,,Internal,West,10+yrs,Small,0,0,0,0,0
3,2024,1,N,0,1,Internal,Southeast,0-5yrs,Medium,0,0,0,0,0
3,2025,3,Y,0,,Internal,West,0-5yrs,Medium,0,0,0,0,0
3,2026,3,Y,0,,Internal,Southwest,0-5yrs,Medium,1,4,137000,21000,116000
3,2027,3,Y,0,,Internal,Southeast,6-10yrs,Small,2,0,42000,42000,0
3,2028,1,N,0,1,Internal,Northeast,0-5yrs,Medium,0,0,0,0,0
3,2029,2,N,0,2,Internal,Southwest,10+yrs,Small,0,0,0,0,0
3,2030,2,N,0,2,Internal,Midwest,6-10yrs,Small,0,0,0,0,0
3,2031,3,Y,0,,Internal,Midwest,0-5yrs,Small,2,3,129000,42000,87000
3,2032,3,Y,0,,Internal,West,10+yrs,Small,1,1,50000,21000,29000
3,2033,3,Y,0,,Internal,Southwest,0-5yrs,Small,0,0,0,0,0
3,2034,2,N,0,2,Internal,Southeast,0-5yrs,Small,1,0,21000,21000,0
3,2035,2,N,0,2,Internal,Southeast,0-5yrs,Small,1,0,21000,21000,0
3,2036,1,N,0,1,Internal,Northeast,10+yrs,Small,1,1,50000,21000,29000
3,2037,3,Y,0,,Internal,Midwest,6-10yrs,Small,1,0,21000,21000,0
3,2038,2,N,0,2,Internal,Midwest,6-10yrs,Large,0,1,29000,0,29000
3,2039,3,Y,0,,Internal,Southeast,0-5yrs,Small,3,4,179000,63000,116000
3,2040,1,N,0,1,Internal,West,0-5yrs,Medium,0,2,58000,0,58000
3,2041,3,Y,0,,Internal,Southwest,0-5yrs,Small,1,0,21000,21000,0
3,2042,2,N,0,2,Internal,Southwest,0-5yrs,Small,0,0,0,0,0
3,2043,1,N,0,1,Internal,Northeast,10+yrs,Small,1,1,50000,21000,29000
3,2044,1,N,0,1,Internal,West,0-5yrs,Medium,0,2,58000,0,58000
3,2045,3,Y,0,,Internal,West,0-5yrs,Small,0,2,58000,0,58000
3,2046,2,N,0,2,Internal,Southeast,0-5yrs,Small,2,1,71000,42000,29000
3,2047,1,N,0,1,Internal,Southeast,10+yrs,Small,0,0,0,0,0
3,2075,2,Y,1,,External,West,0-5yrs,Small,0,0,0,0,0
3,2076,2,Y,1,,External,Northeast,6-10yrs,Small,1,1,50000,21000,29000
3,2077,1,N,1,2,External,Northeast,6-10yrs,Small,0,0,0,0,0
3,2078,2,Y,1,,External,Southeast,0-5yrs,Medium,0,0,0,0,0
3,2079,2,Y,1,,External,Southwest,0-5yrs,Medium,0,0,0,0,0
3,2080,2,Y,1,,External,Northeast,0-5yrs,Small,0,0,0,0,0
3,2081,1,N,1,2,External,Southwest,6-10yrs,Medium,0,1,29000,0,29000
3,2082,2,Y,1,,External,Southwest,10+yrs,Medium,1,0,21000,21000,0
3,2083,1,N,1,2,External,West,0-5yrs,Medium,0,0,0,0,0
3,2084,2,Y,1,,External,West,0-5yrs,Small,0,0,0,0,0
3,2085,1,N,1,2,External,Northeast,10+yrs,Small,1,0,21000,21000,0
3,2086,2,Y,1,,External,West,0-5yrs,Small,1,2,79000,21000,58000
3,2087,1,N,1,2,External,Midwest,0-5yrs,Medium,0,1,29000,0,29000
3,2088,1,N,1,2,External,Southeast,10+yrs,Small,0,0,0,0,0
3,2089,1,N,1,2,External,Southwest,0-5yrs,Small,1,0,21000,21000,0
3,2090,1,N,1,2,External,Southeast,0-5yrs,Small,0,0,0,0,0
3,2091,2,Y,1,,External,Southeast,0-5yrs,Small,0,0,0,0,0
3,2092,1,N,1,2,External,West,0-5yrs,Small,0,0,0,0,0
3,2093,2,Y,1,,External,Southeast,10+yrs,Medium,0,0,0,0,0
3,2094,1,N,1,2,External,Northeast,0-5yrs,Medium,0,0,0,0,0
3,2095,1,N,1,2,External,Midwest,10+yrs,Small,1,0,21000,21000,0
3,2096,2,Y,1,,External,Southeast,0-5yrs,Medium,1,1,50000,21000,29000
3,2097,2,Y,1,,External,Northeast,6-10yrs,Small,1,3,108000,21000,87000
3,2098,1,N,1,2,External,West,6-10yrs,Small,2,0,42000,42000,0
3,2099,1,N,1,2,External,Southwest,0-5yrs,Large,4,0,84000,84000,0
3,2100,2,Y,1,,External,Southeast,0-5yrs,Medium,0,0,0,0,0
3,2101,2,Y,1,,External,Southeast,0-5yrs,Medium,0,0,0,0,0
3,2102,1,N,1,2,External,Midwest,6-10yrs,Small,0,0,0,0,0
3,2103,2,Y,1,,External,Southeast,10+yrs,Medium,2,1,71000,42000,29000
3,2104,2,Y,1,,External,Northeast,0-5yrs,Small,1,0,21000,21000,0
3,2105,1,N,1,2,External,Midwest,0-5yrs,Small,3,1,92000,63000,29000
3,2106,2,Y,1,,External,Northeast,0-5yrs,Small,0,2,58000,0,58000
3,2107,2,Y,1,,External,West,6-10yrs,Medium,1,0,21000,21000,0
3,2108,1,N,1,2,External,Northeast,0-5yrs,Small,0,0,0,0,0
3,2109,2,Y,1,,External,Midwest,6-10yrs,Small,0,1,29000,0,29000
3,2110,2,Y,1,,External,West,6-10yrs,Small,1,1,50000,21000,29000
3,2111,1,N,1,2,External,Southeast,10+yrs,Medium,0,2,58000,0,58000
3,2112,1,N,1,2,External,Northeast,0-5yrs,Small,0,1,29000,0,29000
3,2113,2,Y,1,,External,Midwest,0-5yrs,Large,3,1,92000,63000,29000
3,2114,2,Y,1,,External,Midwest,6-10yrs,Small,2,1,71000,42000,29000
3,2115,1,N,1,2,External,Southwest,0-5yrs,Small,1,0,21000,21000,0
3,2116,2,Y,1,,External,Southeast,0-5yrs,Medium,0,0,0,0,0
3,2117,2,Y,1,,External,West,0-5yrs,Medium,0,1,29000,0,29000
3,2118,2,Y,1,,External,Southeast,6-10yrs,Small,0,0,0,0,0
3,2119,2,Y,1,,External,Midwest,10+yrs,Small,0,0,0,0,0
3,2120,2,Y,1,,External,Southwest,0-5yrs,Medium,1,1,50000,21000,29000
3,2121,1,N,1,2,External,Southwest,10+yrs,Small,0,0,0,0,0
3,2122,1,N,1,2,External,Northeast,0-5yrs,Small,0,0,0,0,0
3,2123,2,Y,1,,External,Midwest,0-5yrs,Small,1,2,79000,21000,58000
3,2124,1,N,1,2,External,Southeast,10+yrs,Small,0,0,0,0,0
3,2125,1,N,1,2,External,West,10+yrs,Medium,0,0,0,0,0
3,2126,1,N,1,2,External,Northeast,0-5yrs,Medium,0,0,0,0,0
3,2127,1,N,1,2,External,West,10+yrs,Medium,1,0,21000,21000,0
3,2128,1,N,1,2,External,Southeast,0-5yrs,Small,0,2,58000,0,58000
3,2129,1,N,1,2,External,Midwest,0-5yrs,Medium,0,0,0,0,0
3,2130,2,Y,1,,External,West,6-10yrs,Small,1,0,21000,21000,0
3,2131,1,N,1,2,External,Northeast,0-5yrs,Medium,1,2,79000,21000,58000
3,2132,1,N,1,2,External,Midwest,0-5yrs,Small,0,1,29000,0,29000
3,2133,2,Y,1,,External,West,6-10yrs,Small,1,0,21000,21000,0
3,2134,2,Y,1,,External,Northeast,0-5yrs,Large,2,0,42000,42000,0
3,2135,1,N,1,2,External,West,0-5yrs,Small,0,0,0,0,0
3,2136,2,Y,1,,External,Southwest,0-5yrs,Medium,0,0,0,0,0
3,2137,2,Y,1,,External,West,0-5yrs,Medium,0,3,87000,0,87000
3,2138,2,Y,1,,External,Northeast,0-5yrs,Small,0,0,0,0,0
3,2139,1,N,1,2,External,West,0-5yrs,Medium,0,0,0,0,0
3,2140,1,N,1,2,External,Northeast,0-5yrs,Medium,0,1,29000,0,29000
3,2141,2,Y,1,,External,Northeast,0-5yrs,Small,1,0,21000,21000,0
3,2142,2,Y,1,,External,Northeast,0-5yrs,Small,0,0,0,0,0
3,2143,1,N,1,2,External,West,0-5yrs,Small,2,0,42000,42000,0
3,2144,2,Y,1,,External,Southeast,6-10yrs,Medium,0,0,0,0,0
3,2145,2,Y,1,,External,Northeast,10+yrs,Small,1,1,50000,21000,29000
3,2146,2,Y,1,,External,Southwest,10+yrs,Medium,7,1,176000,147000,29000
3,2147,2,Y,1,,External,Midwest,6-10yrs,Medium,0,2,58000,0,58000
3,2148,2,Y,1,,External,West,0-5yrs,Small,0,2,58000,0,58000
3,2149,1,N,1,2,External,Southwest,10+yrs,Small,0,0,0,0,0
3,2150,1,N,1,2,External,Southeast,10+yrs,Small,0,0,0,0,0
3,2151,2,Y,1,,External,Southeast,6-10yrs,Small,0,0,0,0,0
3,2152,1,N,1,2,External,Midwest,0-5yrs,Medium,2,1,71000,42000,29000
3,2153,2,Y,1,,External,Southeast,0-5yrs,Small,3,1,92000,63000,29000
3,2154,2,Y,1,,External,Southwest,0-5yrs,Small,0,0,0,0,0
3,2155,2,Y,1,,External,Midwest,0-5yrs,Large,2,0,42000,42000,0
3,2156,1,N,1,2,External,Southeast,0-5yrs,Small,1,0,21000,21000,0
3,2157,1,N,1,2,External,Northeast,10+yrs,Medium,0,0,0,0,0
3,2158,2,Y,1,,External,Northeast,0-5yrs,Medium,0,0,0,0,0
3,2159,1,N,1,2,External,Southwest,0-5yrs,Medium,0,0,0,0,0
3,2160,2,Y,1,,External,West,0-5yrs,Medium,0,0,0,0,0
3,2161,2,Y,1,,External,Northeast,0-5yrs,Large,0,1,29000,0,29000
3,2162,2,Y,1,,External,West,10+yrs,Small,2,1,71000,42000,29000
3,2163,2,Y,1,,External,Midwest,6-10yrs,Small,1,3,108000,21000,87000
3,2164,1,N,1,2,External,Southeast,0-5yrs,Small,0,1,29000,0,29000
3,2165,1,N,1,2,External,Southwest,6-10yrs,Small,2,0,42000,42000,0
3,2166,2,Y,1,,External,West,0-5yrs,Small,1,0,21000,21000,0
3,2167,2,Y,1,,External,West,0-5yrs,Medium,1,0,21000,21000,0
3,2168,2,Y,1,,External,Southwest,6-10yrs,Small,1,1,50000,21000,29000
3,2169,1,N,1,2,External,Southeast,0-5yrs,Small,0,3,87000,0,87000
3,2170,1,N,1,2,External,Midwest,0-5yrs,Medium,2,3,129000,42000,87000
3,2171,2,Y,1,,External,Southeast,10+yrs,Small,2,1,71000,42000,29000
3,2172,2,Y,1,,Internal,Midwest,6-10yrs,Small,1,2,79000,21000,58000
3,2173,2,Y,1,,Internal,Midwest,0-5yrs,Large,0,1,29000,0,29000
3,2174,2,Y,1,,Internal,Southeast,0-5yrs,Small,1,2,79000,21000,58000
3,2175,2,Y,1,,Internal,Midwest,6-10yrs,Medium,0,1,29000,0,29000
3,2176,1,N,1,2,Internal,Midwest,0-5yrs,Small,1,0,21000,21000,0
3,2177,1,N,1,2,Internal,Southeast,0-5yrs,Small,0,0,0,0,0
3,2178,2,Y,1,,Internal,Southwest,0-5yrs,Small,2,0,42000,42000,0
3,2179,1,N,1,2,Internal,Southeast,0-5yrs,Small,0,0,0,0,0
3,2180,2,Y,1,,Internal,West,0-5yrs,Small,0,1,29000,0,29000
3,2181,1,N,1,2,Internal,Northeast,0-5yrs,Small,0,1,29000,0,29000
3,2182,1,N,1,2,Internal,Northeast,10+yrs,Small,1,0,21000,21000,0
3,2183,1,N,1,2,Internal,West,0-5yrs,Small,0,1,29000,0,29000
3,2184,2,Y,1,,Internal,Southwest,6-10yrs,Small,0,3,87000,0,87000
3,2185,1,N,1,2,Internal,Midwest,10+yrs,Small,0,0,0,0,0
3,2186,1,N,1,2,Internal,Southwest,0-5yrs,Medium,0,0,0,0,0
3,2187,2,Y,1,,Internal,Northeast,6-10yrs,Small,1,1,50000,21000,29000
3,2188,2,Y,1,,Internal,Southeast,0-5yrs,Medium,0,0,0,0,0
3,2189,1,N,1,2,Internal,West,0-5yrs,Small,2,1,71000,42000,29000
3,2190,2,Y,1,,Internal,Midwest,0-5yrs,Small,0,0,0,0,0
3,2191,2,Y,1,,Internal,Southeast,0-5yrs,Small,0,1,29000,0,29000
3,2192,1,N,1,2,Internal,Midwest,0-5yrs,Small,0,3,87000,0,87000
3,2193,1,N,1,2,Internal,Northeast,6-10yrs,Small,1,1,50000,21000,29000
3,2194,2,Y,1,,Internal,Midwest,6-10yrs,Small,0,3,87000,0,87000
3,2195,1,N,1,2,Internal,Midwest,6-10yrs,Small,0,0,0,0,0
3,2196,2,Y,1,,Internal,Midwest,6-10yrs,Medium,1,2,79000,21000,58000
3,2197,2,Y,1,,Internal,Northeast,6-10yrs,Small,0,0,0,0,0
3,2198,2,Y,1,,Internal,Southeast,0-5yrs,Small,2,0,42000,42000,0
3,2199,1,N,1,2,Internal,Southwest,6-10yrs,Medium,0,1,29000,0,29000
3,2200,1,N,1,2,Internal,Northeast,6-10yrs,Medium,1,0,21000,21000,0
3,2201,2,Y,1,,Internal,Southwest,10+yrs,Small,0,0,0,0,0
3,2202,2,Y,1,,Internal,Northeast,6-10yrs,Medium,1,2,79000,21000,58000
3,2203,1,N,1,2,Internal,Southeast,0-5yrs,Medium,1,1,50000,21000,29000
3,2204,2,Y,1,,Internal,Northeast,6-10yrs,Small,0,0,0,0,0
3,2205,2,Y,1,,Internal,Northeast,6-10yrs,Small,1,0,21000,21000,0
3,2206,2,Y,1,,Internal,Northeast,0-5yrs,Small,0,2,58000,0,58000
3,2207,1,N,1,2,Internal,Midwest,10+yrs,Medium,0,3,87000,0,87000
3,2208,2,Y,1,,Internal,Midwest,0-5yrs,Small,0,0,0,0,0
3,2209,1,N,1,2,Internal,West,10+yrs,Small,1,0,21000,21000,0
3,2210,1,N,1,2,Internal,Northeast,0-5yrs,Small,0,1,29000,0,29000
3,2211,1,N,1,2,Internal,Northeast,0-5yrs,Small,1,0,21000,21000,0
3,2212,1,N,1,2,Internal,Northeast,0-5yrs,Small,0,0,0,0,0
3,2213,2,Y,1,,Internal,Midwest,6-10yrs,Medium,0,1,29000,0,29000
3,2214,1,N,1,2,Internal,Midwest,0-5yrs,Small,0,0,0,0,0
3,2215,2,Y,1,,Internal,West,0-5yrs,Small,2,3,129000,42000,87000
3,2216,1,N,1,2,Internal,Northeast,0-5yrs,Small,0,1,29000,0,29000
3,2217,1,N,1,2,Internal,Southeast,0-5yrs,Small,0,1,29000,0,29000
3,2218,2,Y,1,,Internal,Southeast,0-5yrs,Medium,0,3,87000,0,87000
3,2219,2,Y,1,,Internal,Southeast,6-10yrs,Medium,0,0,0,0,0
3,2220,1,N,1,2,Internal,West,0-5yrs,Small,1,2,79000,21000,58000
3,2221,2,Y,1,,Internal,Northeast,0-5yrs,Medium,1,0,21000,21000,0
3,2222,1,N,1,2,Internal,Southeast,0-5yrs,Medium,0,0,0,0,0
3,2223,2,Y,1,,Internal,Northeast,0-5yrs,Medium,0,0,0,0,0
3,2224,2,Y,1,,Internal,Midwest,10+yrs,Small,1,0,21000,21000,0
3,2225,1,N,1,2,Internal,Southeast,6-10yrs,Small,1,0,21000,21000,0
3,2226,2,Y,1,,Internal,Southwest,0-5yrs,Small,0,1,29000,0,29000
3,2227,2,Y,1,,Internal,Midwest,10+yrs,Small,1,0,21000,21000,0
3,2228,1,N,1,2,Internal,Southwest,0-5yrs,Medium,1,0,21000,21000,0
3,2229,1,N,1,2,Internal,Northeast,6-10yrs,Small,2,1,71000,42000,29000
3,2230,1,N,1,2,Internal,Midwest,0-5yrs,Small,1,1,50000,21000,29000
3,2231,1,N,1,2,Internal,Northeast,10+yrs,Small,1,0,21000,21000,0
3,2232,1,N,1,2,Internal,Midwest,0-5yrs,Small,0,0,0,0,0
3,2233,1,N,1,2,Internal,Southwest,6-10yrs,Small,1,0,21000,21000,0
3,2234,1,N,1,2,Internal,Southeast,0-5yrs,Large,1,0,21000,21000,0
3,2235,1,N,1,2,Internal,Northeast,10+yrs,Small,1,0,21000,21000,0
3,2236,2,Y,1,,Internal,Southeast,0-5yrs,Small,1,3,108000,21000,87000
3,2237,2,Y,1,,Internal,Southwest,0-5yrs,Small,0,1,29000,0,29000
3,2238,1,N,1,2,Internal,Southwest,0-5yrs,Small,1,0,21000,21000,0
3,2239,1,N,1,2,Internal,Southwest,6-10yrs,Small,0,1,29000,0,29000
3,2240,2,Y,1,,Internal,Southwest,6-10yrs,Small,2,0,42000,42000,0
3,2241,1,N,1,2,Internal,Southwest,10+yrs,Small,2,2,100000,42000,58000
3,2242,1,N,1,2,Internal,Southwest,0-5yrs,Medium,0,1,29000,0,29000
3,2243,1,N,1,2,Internal,Northeast,6-10yrs,Small,1,0,21000,21000,0
3,2244,2,Y,1,,Internal,Southeast,0-5yrs,Medium,1,0,21000,21000,0
3,2245,1,N,1,2,Internal,Southeast,0-5yrs,Medium,0,0,0,0,0
3,2246,1,N,1,2,Internal,Southeast,0-5yrs,Medium,1,0,21000,21000,0
3,2247,1,N,1,2,Internal,Northeast,0-5yrs,Medium,0,0,0,0,0
3,2248,1,N,1,2,Internal,Southeast,0-5yrs,Small,0,2,58000,0,58000
3,2249,1,N,1,2,Internal,Southwest,10+yrs,Small,0,0,0,0,0
3,2250,2,Y,1,,Internal,Northeast,0-5yrs,Small,1,1,50000,21000,29000
3,2251,2,Y,1,,Internal,Southwest,10+yrs,Small,2,0,42000,42000,0
3,2252,2,Y,1,,Internal,Southwest,6-10yrs,Small,0,0,0,0,0
3,2253,2,Y,1,,Internal,Southwest,0-5yrs,Medium,0,0,0,0,0
3,2254,2,Y,1,,Internal,West,0-5yrs,Small,3,0,63000,63000,0
3,2255,2,Y,1,,Internal,Southwest,0-5yrs,Small,0,0,0,0,0
3,2256,1,N,1,2,Internal,Midwest,0-5yrs,Small,1,1,50000,21000,29000
3,2257,1,N,1,2,Internal,Southeast,6-10yrs,Small,0,0,0,0,0
3,2258,1,N,1,2,Internal,Midwest,0-5yrs,Small,1,1,50000,21000,29000
3,2259,2,Y,1,,Internal,Midwest,0-5yrs,Small,2,0,42000,42000,0
3,2260,1,N,1,2,Internal,Midwest,0-5yrs,Medium,1,2,79000,21000,58000
3,2261,2,Y,1,,Internal,Northeast,0-5yrs,Small,0,0,0,0,0
3,2262,2,Y,1,,Internal,Southwest,10+yrs,Medium,2,0,42000,42000,0
3,2263,1,N,1,2,Internal,Southwest,0-5yrs,Large,0,1,29000,0,29000
3,2264,2,Y,1,,Internal,Midwest,0-5yrs,Medium,2,2,100000,42000,58000
3,2265,2,Y,1,,Internal,Midwest,0-5yrs,Medium,2,3,129000,42000,87000
3,2266,2,Y,1,,Internal,Northeast,10+yrs,Large,2,0,42000,42000,0
3,2267,1,N,1,2,Internal,West,0-5yrs,Medium,0,1,29000,0,29000
3,2268,2,Y,1,,Internal,Midwest,0-5yrs,Small,0,0,0,0,0
3,2269,2,Y,1,,Internal,Northeast,0-5yrs,Small,0,1,29000,0,29000
3,2270,1,N,1,2,Internal,Southeast,0-5yrs,Large,0,0,0,0,0
3,2271,1,N,1,2,Internal,West,0-5yrs,Medium,0,1,29000,0,29000
3,2272,2,Y,1,,Internal,Southeast,0-5yrs,Medium,1,0,21000,21000,0
3,2273,2,Y,1,,Internal,West,6-10yrs,Medium,0,1,29000,0,29000
3,2274,1,N,1,2,Internal,Southwest,0-5yrs,Medium,0,0,0,0,0
3,2275,2,Y,1,,Internal,Southeast,0-5yrs,Small,0,0,0,0,0
3,2276,1,N,1,2,Internal,Midwest,0-5yrs,Medium,1,0,21000,21000,0
3,2277,1,N,1,2,Internal,West,10+yrs,Medium,0,0,0,0,0
3,2278,2,Y,1,,Internal,Northeast,0-5yrs,Medium,2,0,42000,42000,0
3,2279,1,N,1,2,Internal,Northeast,10+yrs,Small,2,1,71000,42000,29000
3,2280,2,Y,1,,Internal,Northeast,10+yrs,Small,0,0,0,0,0
3,2281,2,Y,1,,Internal,West,6-10yrs,Medium,3,1,92000,63000,29000
3,2282,1,N,1,2,Internal,Northeast,0-5yrs,Small,1,1,50000,21000,29000
3,2283,2,Y,1,,Internal,Midwest,0-5yrs,Small,1,0,21000,21000,0
3,2284,1,N,1,2,Internal,West,0-5yrs,Small,0,0,0,0,0
3,2285,1,N,1,2,Internal,Southeast,10+yrs,Small,2,1,71000,42000,29000
3,2286,1,N,1,2,Internal,Southeast,10+yrs,Small,1,1,50000,21000,29000
3,2287,1,N,1,2,Internal,Southwest,0-5yrs,Medium,1,0,21000,21000,0
3,2288,1,N,1,2,Internal,Northeast,6-10yrs,Small,1,0,21000,21000,0
3,2289,1,N,1,2,Internal,Southeast,0-5yrs,Small,0,0,0,0,0
3,2305,1,Y,2,,Referral,Northeast,0-5yrs,Small,1,1,50000,21000,29000
3,2306,1,Y,2,,External,Midwest,0-5yrs,Small,2,0,42000,42000,0
3,2307,1,Y,2,,External,Southeast,10+yrs,Medium,0,0,0,0,0
3,2308,1,Y,2,,External,Northeast,10+yrs,Medium,0,1,29000,0,29000
3,2309,1,Y,2,,External,Midwest,0-5yrs,Medium,1,0,21000,21000,0
3,2310,1,Y,2,,External,Southeast,0-5yrs,Small,0,1,29000,0,29000
3,2311,1,Y,2,,External,Midwest,10+yrs,Medium,0,1,29000,0,29000
3,2312,1,Y,2,,External,Northeast,6-10yrs,Small,0,2,58000,0,58000
3,2313,1,Y,2,,External,Southeast,0-5yrs,Medium,0,0,0,0,0
3,2314,1,Y,2,,External,Southwest,6-10yrs,Small,0,1,29000,0,29000
3,2315,1,Y,2,,External,Southeast,10+yrs,Small,0,2,58000,0,58000
3,2316,1,Y,2,,External,Northeast,6-10yrs,Medium,3,0,63000,63000,0
3,2317,1,Y,2,,External,Northeast,0-5yrs,Small,0,0,0,0,0
3,2318,1,Y,2,,External,West,6-10yrs,Small,1,1,50000,21000,29000
3,2319,1,Y,2,,External,Southeast,0-5yrs,Small,0,0,0,0,0
3,2320,1,Y,2,,External,Northeast,0-5yrs,Medium,0,1,29000,0,29000
3,2321,1,Y,2,,External,West,6-10yrs,Small,0,0,0,0,0
3,2322,1,Y,2,,External,Northeast,0-5yrs,Medium,1,2,79000,21000,58000
3,2323,1,Y,2,,External,West,10+yrs,Small,0,0,0,0,0
3,2324,1,Y,2,,External,Southwest,0-5yrs,Medium,1,0,21000,21000,0
3,2325,1,Y,2,,External,West,0-5yrs,Small,1,0,21000,21000,0
3,2326,1,Y,2,,External,Southeast,10+yrs,Medium,0,2,58000,0,58000
3,2327,1,Y,2,,External,West,0-5yrs,Small,0,1,29000,0,29000
3,2328,1,Y,2,,External,Southeast,6-10yrs,Medium,1,1,50000,21000,29000
3,2329,1,Y,2,,External,Southeast,10+yrs,Small,0,0,0,0,0
3,2330,1,Y,2,,External,Southwest,0-5yrs,Medium,1,1,50000,21000,29000
3,2331,1,Y,2,,External,Southeast,0-5yrs,Small,0,1,29000,0,29000
3,2332,1,Y,2,,External,West,0-5yrs,Small,0,0,0,0,0
3,2333,1,Y,2,,External,Southwest,6-10yrs,Medium,0,0,0,0,0
3,2334,1,Y,2,,External,Northeast,10+yrs,Small,1,1,50000,21000,29000
3,2335,1,Y,2,,External,West,10+yrs,Small,0,1,29000,0,29000
3,2336,1,Y,2,,External,Midwest,6-10yrs,Small,1,3,108000,21000,87000
3,2337,1,Y,2,,External,Southwest,10+yrs,Large,1,0,21000,21000,0
3,2338,1,Y,2,,External,Southeast,0-5yrs,Small,1,2,79000,21000,58000
3,2339,1,Y,2,,External,Southwest,0-5yrs,Small,0,2,58000,0,58000
3,2340,1,Y,2,,External,Southeast,0-5yrs,Small,2,0,42000,42000,0
3,2341,1,Y,2,,External,Southwest,0-5yrs,Medium,1,0,21000,21000,0
3,2342,1,Y,2,,External,West,0-5yrs,Medium,1,0,21000,21000,0
3,2343,1,Y,2,,External,West,10+yrs,Large,1,3,108000,21000,87000
3,2344,1,Y,2,,External,Southwest,6-10yrs,Small,0,1,29000,0,29000
3,2345,1,Y,2,,External,West,6-10yrs,Medium,0,2,58000,0,58000
3,2346,1,Y,2,,External,Southeast,6-10yrs,Large,1,0,21000,21000,0
3,2347,1,Y,2,,External,Northeast,0-5yrs,Medium,0,0,0,0,0
3,2348,1,Y,2,,External,Midwest,0-5yrs,Small,2,1,71000,42000,29000
3,2349,1,Y,2,,External,Northeast,10+yrs,Small,0,0,0,0,0
3,2350,1,Y,2,,External,Southeast,0-5yrs,Small,1,0,21000,21000,0
3,2351,1,Y,2,,External,Southeast,6-10yrs,Small,1,0,21000,21000,0
3,2352,1,Y,2,,External,Midwest,0-5yrs,Medium,2,0,42000,42000,0
3,2353,1,Y,2,,External,Northeast,10+yrs,Large,0,0,0,0,0
3,2354,1,Y,2,,External,Southeast,0-5yrs,Small,1,1,50000,21000,29000
3,2355,1,Y,2,,External,Northeast,0-5yrs,Medium,0,3,87000,0,87000
3,2356,1,Y,2,,External,Midwest,10+yrs,Small,1,2,79000,21000,58000
3,2357,1,Y,2,,External,Northeast,0-5yrs,Small,0,1,29000,0,29000
3,2358,1,Y,2,,External,Midwest,6-10yrs,Small,1,0,21000,21000,0
3,2359,1,Y,2,,External,Southwest,0-5yrs,Small,0,1,29000,0,29000
3,2360,1,Y,2,,External,Northeast,0-5yrs,Large,0,1,29000,0,29000
3,2361,1,Y,2,,External,West,0-5yrs,Small,0,0,0,0,0
3,2362,1,Y,2,,External,West,0-5yrs,Small,2,0,42000,42000,0
3,2363,1,Y,2,,External,Southwest,6-10yrs,Small,0,1,29000,0,29000
3,2364,1,Y,2,,External,Southwest,0-5yrs,Medium,0,0,0,0,0
3,2365,1,Y,2,,External,Southwest,0-5yrs,Medium,0,0,0,0,0
3,2366,1,Y,2,,External,Midwest,0-5yrs,Small,0,0,0,0,0
3,2367,1,Y,2,,External,Northeast,0-5yrs,Small,2,0,42000,42000,0
3,2368,1,Y,2,,External,Midwest,0-5yrs,Large,0,0,0,0,0
3,2369,1,Y,2,,External,Southwest,6-10yrs,Medium,0,2,58000,0,58000
3,2370,1,Y,2,,External,Southeast,0-5yrs,Small,0,2,58000,0,58000
3,2371,1,Y,2,,External,Midwest,10+yrs,Small,1,0,21000,21000,0
3,2372,1,Y,2,,External,Southeast,10+yrs,Medium,1,3,108000,21000,87000
3,2373,1,Y,2,,External,Northeast,0-5yrs,Small,0,0,0,0,0
3,2374,1,Y,2,,External,West,0-5yrs,Small,0,1,29000,0,29000
3,2375,1,Y,2,,External,Southeast,0-5yrs,Medium,1,2,79000,21000,58000
3,2376,1,Y,2,,External,West,0-5yrs,Small,0,0,0,0,0
3,2377,1,Y,2,,External,West,6-10yrs,Small,2,0,42000,42000,0
3,2378,1,Y,2,,External,West,6-10yrs,Large,0,2,58000,0,58000
3,2379,1,Y,2,,External,West,0-5yrs,Small,0,0,0,0,0
3,2380,1,Y,2,,External,Southeast,0-5yrs,Small,1,1,50000,21000,29000
3,2381,1,Y,2,,External,Northeast,10+yrs,Large,2,0,42000,42000,0
3,2382,1,Y,2,,External,Southwest,10+yrs,Large,0,0,0,0,0
3,2383,1,Y,2,,External,Southwest,0-5yrs,Small,0,0,0,0,0
3,2384,1,Y,2,,External,Midwest,6-10yrs,Small,0,2,58000,0,58000
3,2385,1,Y,2,,External,Northeast,10+yrs,Medium,0,0,0,0,0
3,2386,1,Y,2,,External,Midwest,10+yrs,Small,0,0,0,0,0
3,2387,1,Y,2,,External,Northeast,10+yrs,Large,0,1,29000,0,29000
3,2388,1,Y,2,,External,West,0-5yrs,Small,1,0,21000,21000,0
3,2389,1,Y,2,,External,Southeast,0-5yrs,Small,1,0,21000,21000,0
3,2390,1,Y,2,,External,Southwest,0-5yrs,Small,3,0,63000,63000,0
3,2391,1,Y,2,,Internal,Southwest,0-5yrs,Small,1,1,50000,21000,29000
3,2392,1,Y,2,,Internal,Northeast,6-10yrs,Small,1,0,21000,21000,0
3,2393,1,Y,2,,Internal,Midwest,0-5yrs,Medium,1,2,79000,21000,58000
3,2394,1,Y,2,,Internal,Northeast,6-10yrs,Medium,1,0,21000,21000,0
3,2395,1,Y,2,,Internal,Southeast,6-10yrs,Medium,0,1,29000,0,29000
3,2396,1,Y,2,,Internal,Midwest,0-5yrs,Small,0,1,29000,0,29000
3,2397,1,Y,2,,Internal,Southwest,10+yrs,Medium,1,3,108000,21000,87000
3,2398,1,Y,2,,Internal,Midwest,0-5yrs,Small,0,0,0,0,0
3,2399,1,Y,2,,Internal,Northeast,10+yrs,Small,0,1,29000,0,29000
3,2400,1,Y,2,,Internal,Southeast,0-5yrs,Small,0,1,29000,0,29000
3,2401,1,Y,2,,Internal,Southeast,0-5yrs,Large,0,0,0,0,0
3,2402,1,Y,2,,Internal,West,0-5yrs,Small,2,0,42000,42000,0
3,2403,1,Y,2,,Internal,West,6-10yrs,Small,1,0,21000,21000,0
3,2404,1,Y,2,,Internal,Southwest,6-10yrs,Small,0,2,58000,0,58000
3,2405,1,Y,2,,Internal,West,10+yrs,Small,1,0,21000,21000,0
3,2406,1,Y,2,,Internal,Southwest,0-5yrs,Large,0,1,29000,0,29000
3,2407,1,Y,2,,Internal,Southwest,10+yrs,Small,0,2,58000,0,58000
3,2408,1,Y,2,,Internal,Southwest,0-5yrs,Small,1,1,50000,21000,29000
3,2409,1,Y,2,,Internal,Southwest,0-5yrs,Small,2,0,42000,42000,0
3,2410,1,Y,2,,Internal,West,0-5yrs,Small,1,1,50000,21000,29000
3,2411,1,Y,2,,Internal,Northeast,10+yrs,Medium,0,1,29000,0,29000
3,2412,1,Y,2,,Internal,Southeast,6-10yrs,Medium,2,0,42000,42000,0
3,2413,1,Y,2,,Internal,Northeast,10+yrs,Small,0,0,0,0,0
3,2414,1,Y,2,,Internal,Southeast,0-5yrs,Medium,0,1,29000,0,29000
3,2415,1,Y,2,,Internal,Southwest,10+yrs,Small,0,2,58000,0,58000
3,2416,1,Y,2,,Internal,Midwest,0-5yrs,Small,0,0,0,0,0
3,2417,1,Y,2,,Internal,Northeast,0-5yrs,Small,0,2,58000,0,58000
3,2418,1,Y,2,,Internal,Southeast,0-5yrs,Medium,0,0,0,0,0
3,2419,1,Y,2,,Internal,Northeast,6-10yrs,Small,0,0,0,0,0
3,2420,1,Y,2,,Internal,Southeast,0-5yrs,Small,1,0,21000,21000,0
3,2421,1,Y,2,,Internal,West,0-5yrs,Small,1,0,21000,21000,0
3,2422,1,Y,2,,Internal,Midwest,0-5yrs,Small,1,1,50000,21000,29000
3,2423,1,Y,2,,Internal,Midwest,0-5yrs,Small,1,1,50000,21000,29000
3,2424,1,Y,2,,Internal,Midwest,10+yrs,Small,0,0,0,0,0
3,2425,1,Y,2,,Internal,Southwest,6-10yrs,Small,0,1,29000,0,29000
3,2426,1,Y,2,,Internal,Southeast,0-5yrs,Small,2,2,100000,42000,58000
3,2427,1,Y,2,,Internal,Midwest,6-10yrs,Small,0,0,0,0,0
3,2428,1,Y,2,,Internal,West,0-5yrs,Large,1,0,21000,21000,0
3,2429,1,Y,2,,Internal,Southeast,0-5yrs,Small,0,0,0,0,0
3,2430,1,Y,2,,Internal,Northeast,10+yrs,Medium,1,0,21000,21000,0
3,2431,1,Y,2,,Internal,Northeast,0-5yrs,Medium,0,2,58000,0,58000
3,2432,1,Y,2,,Internal,West,6-10yrs,Small,1,0,21000,21000,0
3,2433,1,Y,2,,Internal,Northeast,6-10yrs,Medium,0,0,0,0,0
3,2434,1,Y,2,,Internal,Southeast,0-5yrs,Large,1,0,21000,21000,0
3,2435,1,Y,2,,Internal,Southwest,6-10yrs,Small,0,0,0,0,0
3,2436,1,Y,2,,Internal,Northeast,0-5yrs,Small,0,0,0,0,0
3,2437,1,Y,2,,Internal,Southeast,6-10yrs,Medium,0,1,29000,0,29000
3,2438,1,Y,2,,Internal,Southwest,6-10yrs,Small,0,0,0,0,0
3,2439,1,Y,2,,Internal,Midwest,0-5yrs,Medium,1,0,21000,21000,0
3,2440,1,Y,2,,Internal,Midwest,10+yrs,Large,0,0,0,0,0
3,2441,1,Y,2,,Internal,Southeast,0-5yrs,Small,0,0,0,0,0
3,2442,1,Y,2,,Internal,Southeast,0-5yrs,Small,1,1,50000,21000,29000
3,2443,1,Y,2,,Internal,Northeast,10+yrs,Medium,0,0,0,0,0
3,2444,1,Y,2,,Internal,Northeast,6-10yrs,Small,3,0,63000,63000,0
3,2445,1,Y,2,,Internal,Northeast,6-10yrs,Small,0,0,0,0,0
3,2446,1,Y,2,,Internal,Southwest,10+yrs,Medium,0,0,0,0,0
3,2447,1,Y,2,,Internal,West,0-5yrs,Small,1,1,50000,21000,29000
3,2448,1,Y,2,,Internal,West,10+yrs,Small,1,0,21000,21000,0
3,2449,1,Y,2,,Internal,Northeast,0-5yrs,Small,0,0,0,0,0
3,2450,1,Y,2,,Internal,Southeast,0-5yrs,Large,1,0,21000,21000,0
3,2451,1,Y,2,,Internal,West,10+yrs,Small,1,1,50000,21000,29000
3,2452,1,Y,2,,Internal,West,10+yrs,Small,0,0,0,0,0
3,2453,1,Y,2,,Internal,Northeast,0-5yrs,Small,0,1,29000,0,29000
3,2454,1,Y,2,,Internal,Midwest,10+yrs,Small,0,2,58000,0,58000
3,2455,1,Y,2,,Internal,Midwest,0-5yrs,Small,0,0,0,0,0
3,2456,1,Y,2,,Internal,Northeast,0-5yrs,Small,1,1,50000,21000,29000
3,2457,1,Y,2,,Internal,Southeast,0-5yrs,Small,0,4,116000,0,116000
3,2458,1,Y,2,,Internal,West,0-5yrs,Small,0,1,29000,0,29000
3,2459,1,Y,2,,Internal,Northeast,10+yrs,Small,0,1,29000,0,29000
3,2460,1,Y,2,,Internal,Southwest,0-5yrs,Medium,1,1,50000,21000,29000
3,2461,1,Y,2,,Internal,Northeast,10+yrs,Small,2,0,42000,42000,0
3,2462,1,Y,2,,Internal,Southeast,0-5yrs,Small,0,1,29000,0,29000
3,2463,1,Y,2,,Internal,Southwest,0-5yrs,Large,0,0,0,0,0
3,2464,1,Y,2,,Internal,Midwest,0-5yrs,Large,0,1,29000,0,29000
3,2465,1,Y,2,,Internal,West,0-5yrs,Small,0,1,29000,0,29000
3,2466,1,Y,2,,Internal,Southwest,0-5yrs,Small,0,0,0,0,0
3,2467,1,Y,2,,Internal,Southeast,10+yrs,Medium,1,0,21000,21000,0
3,2468,1,Y,2,,Internal,Southeast,10+yrs,Medium,2,1,71000,42000,29000
3,2469,1,Y,2,,Internal,Northeast,0-5yrs,Small,1,1,50000,21000,29000
3,2470,1,Y,2,,Internal,Southeast,6-10yrs,Small,0,0,0,0,0
3,2471,1,Y,2,,Internal,Southeast,10+yrs,Small,0,0,0,0,0
3,2472,1,Y,2,,Internal,West,6-10yrs,Medium,0,0,0,0,0
3,2473,1,Y,2,,Internal,Southeast,0-5yrs,Small,1,0,21000,21000,0
3,2474,1,Y,2,,Internal,Southwest,10+yrs,Medium,0,0,0,0,0
3,2475,1,Y,2,,Internal,Northeast,0-5yrs,Small,0,1,29000,0,29000
3,2476,1,Y,2,,Internal,Northeast,10+yrs,Medium,1,1,50000,21000,29000
3,2477,1,Y,2,,Internal,Midwest,0-5yrs,Small,1,0,21000,21000,0
3,2478,1,Y,2,,Internal,West,0-5yrs,Medium,1,0,21000,21000,0
3,2479,1,Y,2,,Internal,Northeast,6-10yrs,Small,1,0,21000,21000,0
3,2480,1,Y,2,,Internal,Southeast,10+yrs,Small,0,1,29000,0,29000
3,2481,1,Y,2,,Internal,Southwest,10+yrs,Small,0,0,0,0,0
3,2482,1,Y,2,,Internal,Southeast,10+yrs,Large,0,0,0,0,0
3,2483,1,Y,2,,Internal,Southwest,10+yrs,Medium,0,1,29000,0,29000
3,2484,1,Y,2,,Internal,Northeast,0-5yrs,Small,0,1,29000,0,29000
3,2485,1,Y,2,,Internal,West,0-5yrs,Large,0,0,0,0,0
3,2486,1,Y,2,,Internal,Midwest,0-5yrs,Medium,0,0,0,0,0
3,2487,1,Y,2,,Internal,Southwest,10+yrs,Small,1,1,50000,21000,29000
3,2488,1,Y,2,,Internal,Southeast,0-5yrs,Small,1,1,50000,21000,29000
3,2489,1,Y,2,,Internal,West,6-10yrs,Large,1,1,50000,21000,29000
3,2490,1,Y,2,,Internal,Midwest,10+yrs,Medium,0,1,29000,0,29000
3,2491,1,Y,2,,Internal,Southwest,6-10yrs,Small,0,0,0,0,0
3,2492,1,Y,2,,Internal,Northeast,10+yrs,Small,1,0,21000,21000,0
3,2493,1,Y,2,,Internal,Southwest,0-5yrs,Small,0,0,0,0,0
3,2494,1,Y,2,,Internal,Midwest,6-10yrs,Small,0,0,0,0,0
3,2495,1,Y,2,,Internal,Northeast,0-5yrs,Small,0,0,0,0,0
3,2496,1,Y,2,,Internal,Southwest,10+yrs,Small,0,0,0,0,0
3,2497,1,Y,2,,Internal,West,0-5yrs,Small,0,0,0,0,0
3,2498,1,Y,2,,Internal,Northeast,10+yrs,Small,0,2,58000,0,58000
3,2499,1,Y,2,,Internal,Southeast,6-10yrs,Small,1,2,79000,21000,58000
3,2500,1,Y,2,,Internal,Midwest,6-10yrs,Medium,1,0,21000,21000,0
3,2501,1,Y,2,,Internal,Northeast,0-5yrs,Small,0,1,29000,0,29000
3,2502,1,Y,2,,Internal,Northeast,6-10yrs,Large,0,1,29000,0,29000
3,2503,1,Y,2,,Internal,Southwest,6-10yrs,Small,0,0,0,0,0
3,1446,2,N,-5,-3,External,West,6-10yrs,Small,0,1,29000,0,29000
3,1447,1,N,-5,-4,External,Southwest,0-5yrs,Small,0,0,0,0,0
3,1448,8,Y,-5,,Internal,Midwest,6-10yrs,Medium,0,0,0,0,0
3,1552,7,Y,-4,,External,Northeast,0-5yrs,Medium,0,0,0,0,0
3,1553,1,N,-4,-3,External,Northeast,0-5yrs,Small,1,1,50000,21000,29000
3,1554,6,N,-4,2,External,Southeast,0-5yrs,Small,0,3,87000,0,87000
3,1555,4,N,-4,0,External,Northeast,6-10yrs,Medium,2,2,100000,42000,58000
3,1556,2,N,-4,-2,External,West,0-5yrs,Small,1,0,21000,21000,0
3,1557,1,N,-4,-3,External,Southeast,6-10yrs,Small,3,0,63000,63000,0
3,1558,3,N,-4,-1,External,Northeast,6-10yrs,Small,2,0,42000,42000,0
3,1559,4,N,-4,0,External,Midwest,0-5yrs,Small,4,4,200000,84000,116000
3,1560,7,Y,-4,,External,Southwest,10+yrs,Small,0,4,116000,0,116000
3,1561,7,Y,-4,,Internal,Southeast,6-10yrs,Small,0,1,29000,0,29000
3,1562,1,N,-4,-3,Internal,West,0-5yrs,Medium,1,0,21000,21000,0
3,1563,5,N,-4,1,Internal,Northeast,10+yrs,Small,2,0,42000,42000,0
3,1564,7,Y,-4,,Internal,Southeast,0-5yrs,Small,4,2,142000,84000,58000
3,1565,1,N,-4,-3,Internal,Northeast,10+yrs,Small,1,0,21000,21000,0
3,1566,7,Y,-4,,Internal,Midwest,0-5yrs,Large,7,0,147000,147000,0
3,1567,7,Y,-4,,Internal,Southeast,10+yrs,Small,0,2,58000,0,58000
3,1568,7,Y,-4,,Internal,West,6-10yrs,Medium,2,0,42000,42000,0
3,1631,3,N,-3,0,External,Southeast,10+yrs,Small,1,0,21000,21000,0
3,1632,1,N,-3,-2,External,Midwest,6-10yrs,Small,0,0,0,0,0
3,1633,6,Y,-3,,External,Southwest,6-10yrs,Medium,0,0,0,0,0
3,1634,6,Y,-3,,External,Midwest,0-5yrs,Small,0,0,0,0,0
3,1635,6,Y,-3,,External,Southeast,0-5yrs,Small,1,1,50000,21000,29000
3,1636,6,Y,-3,,Internal,Southwest,0-5yrs,Medium,1,2,79000,21000,58000
3,1637,2,N,-3,-1,Internal,West,10+yrs,Large,1,0,21000,21000,0
3,1638,6,Y,-3,,Internal,West,6-10yrs,Large,3,3,150000,63000,87000
3,1639,6,Y,-3,,Internal,Midwest,0-5yrs,Small,3,2,121000,63000,58000
3,1640,6,Y,-3,,Internal,Southeast,10+yrs,Small,0,7,203000,0,203000
3,1779,2,N,-2,0,External,Southeast,0-5yrs,Small,1,2,79000,21000,58000
3,1780,5,Y,-2,,External,Midwest,0-5yrs,Small,0,1,29000,0,29000
3,1781,2,N,-2,0,External,West,0-5yrs,Small,2,2,100000,42000,58000
3,1782,1,N,-2,-1,External,Northeast,0-5yrs,Medium,1,1,50000,21000,29000
3,1783,5,Y,-2,,External,Southeast,0-5yrs,Small,3,4,179000,63000,116000
3,1784,1,N,-2,-1,External,Northeast,0-5yrs,Medium,1,0,21000,21000,0
3,1785,2,N,-2,0,External,Southeast,0-5yrs,Small,2,1,71000,42000,29000
3,1786,1,N,-2,-1,External,Southwest,0-5yrs,Large,0,0,0,0,0
3,1787,5,Y,-2,,External,West,0-5yrs,Large,1,1,50000,21000,29000
3,1788,5,Y,-2,,External,Midwest,0-5yrs,Medium,3,1,92000,63000,29000
3,1789,4,N,-2,2,Internal,West,6-10yrs,Small,3,1,92000,63000,29000
3,1790,5,Y,-2,,Internal,Northeast,10+yrs,Small,3,2,121000,63000,58000
3,1791,5,Y,-2,,Internal,Midwest,0-5yrs,Small,0,1,29000,0,29000
3,1792,5,Y,-2,,Internal,Midwest,0-5yrs,Small,1,0,21000,21000,0
3,1793,1,N,-2,-1,Internal,Midwest,10+yrs,Medium,0,0,0,0,0
3,1794,4,N,-2,2,Internal,Midwest,0-5yrs,Small,3,2,121000,63000,58000
3,1795,5,Y,-2,,Internal,Southwest,6-10yrs,Small,0,3,87000,0,87000
3,1796,5,Y,-2,,Internal,Southwest,6-10yrs,Small,1,1,50000,21000,29000
3,1797,1,N,-2,-1,Internal,Southeast,0-5yrs,Small,2,0,42000,42000,0
3,1928,4,Y,-1,,External,Southeast,10+yrs,Small,0,1,29000,0,29000
3,1929,1,N,-1,0,External,West,0-5yrs,Medium,2,3,129000,42000,87000
3,1930,1,N,-1,0,External,Southeast,0-5yrs,Small,0,0,0,0,0
3,1931,2,N,-1,1,External,Northeast,0-5yrs,Small,1,0,21000,21000,0
3,1932,4,Y,-1,,External,West,6-10yrs,Medium,5,1,134000,105000,29000
3,1933,4,Y,-1,,External,West,6-10yrs,Small,1,0,21000,21000,0
3,1934,4,Y,-1,,External,Southeast,0-5yrs,Small,1,3,108000,21000,87000
3,1935,2,N,-1,1,External,Northeast,0-5yrs,Medium,1,0,21000,21000,0
3,1936,4,Y,-1,,External,West,6-10yrs,Medium,3,2,121000,63000,58000
3,1937,4,Y,-1,,Internal,Northeast,0-5yrs,Small,0,0,0,0,0
3,1938,4,Y,-1,,Internal,West,0-5yrs,Small,2,2,100000,42000,58000
3,1939,3,N,-1,2,Internal,Midwest,0-5yrs,Medium,3,2,121000,63000,58000
3,1940,4,Y,-1,,Internal,Midwest,0-5yrs,Small,0,0,0,0,0
3,1941,2,N,-1,1,Internal,Midwest,0-5yrs,Large,1,0,21000,21000,0
3,1942,4,Y,-1,,Internal,Midwest,6-10yrs,Small,2,0,42000,42000,0
3,1943,1,N,-1,0,Internal,Southwest,0-5yrs,Small,2,1,71000,42000,29000
3,1944,4,Y,-1,,Internal,West,0-5yrs,Small,0,0,0,0,0
3,2048,3,Y,0,,Referral,Midwest,0-5yrs,Large,2,2,100000,42000,58000
3,2049,3,Y,0,,External,West,0-5yrs,Medium,5,0,105000,105000,0
3,2050,3,Y,0,,External,Midwest,6-10yrs,Medium,4,1,113000,84000,29000
3,2051,3,Y,0,,External,Southwest,10+yrs,Medium,0,0,0,0,0
3,2052,3,Y,0,,External,Midwest,0-5yrs,Small,2,2,100000,42000,58000
3,2053,3,Y,0,,External,Southeast,0-5yrs,Medium,2,1,71000,42000,29000
3,2054,3,Y,0,,External,Southeast,10+yrs,Medium,0,3,87000,0,87000
3,2055,3,Y,0,,External,Southeast,10+yrs,Small,4,0,84000,84000,0
3,2056,3,Y,0,,External,Midwest,10+yrs,Medium,0,4,116000,0,116000
3,2057,3,Y,0,,External,Midwest,10+yrs,Large,2,2,100000,42000,58000
3,2058,3,Y,0,,Internal,West,0-5yrs,Large,2,0,42000,42000,0
3,2059,3,Y,0,,Internal,Midwest,0-5yrs,Small,1,2,79000,21000,58000
3,2060,3,Y,0,,Internal,Midwest,0-5yrs,Medium,0,2,58000,0,58000
3,2061,1,N,0,1,Internal,Northeast,6-10yrs,Small,0,2,58000,0,58000
3,2062,1,N,0,1,Internal,West,6-10yrs,Small,0,0,0,0,0
3,2063,3,Y,0,,Internal,West,6-10yrs,Large,0,1,29000,0,29000
3,2064,3,Y,0,,Internal,Midwest,0-5yrs,Medium,3,2,121000,63000,58000
3,2065,1,N,0,1,Internal,Southeast,10+yrs,Small,1,2,79000,21000,58000
3,2066,3,Y,0,,Internal,Southeast,0-5yrs,Small,1,2,79000,21000,58000
3,2290,1,N,1,2,Referral,Southeast,0-5yrs,Small,3,0,63000,63000,0
3,2291,2,Y,1,,Referral,Southeast,0-5yrs,Small,0,2,58000,0,58000
3,2292,2,Y,1,,Referral,Southeast,10+yrs,Medium,0,1,29000,0,29000
3,2293,2,Y,1,,Referral,Southeast,0-5yrs,Small,2,3,129000,42000,87000
3,2294,2,Y,1,,Referral,Southwest,6-10yrs,Small,0,0,0,0,0
3,2295,2,Y,1,,External,Northeast,10+yrs,Small,3,3,150000,63000,87000
3,2296,2,Y,1,,Internal,Northeast,0-5yrs,Small,2,2,100000,42000,58000
3,2504,1,Y,2,,Referral,West,0-5yrs,Small,2,0,42000,42000,0
3,2505,1,Y,2,,Referral,Midwest,6-10yrs,Small,1,2,79000,21000,58000
3,2506,1,Y,2,,Referral,West,6-10yrs,Small,0,1,29000,0,29000
3,2507,1,Y,2,,External,Midwest,0-5yrs,Small,0,0,0,0,0
3,2508,1,Y,2,,External,West,0-5yrs,Medium,1,1,50000,21000,29000
3,2509,1,Y,2,,External,Northeast,6-10yrs,Small,1,0,21000,21000,0
3,2510,1,Y,2,,External,Southwest,10+yrs,Small,1,0,21000,21000,0
3,2511,1,Y,2,,External,Northeast,6-10yrs,Small,2,1,71000,42000,29000
3,2512,1,Y,2,,Internal,Southeast,6-10yrs,Small,1,2,79000,21000,58000
3,2513,1,Y,2,,Internal,West,0-5yrs,Medium,0,0,0,0,0
3,2514,1,Y,2,,Internal,Northeast,6-10yrs,Small,0,1,29000,0,29000
3,2515,1,Y,2,,Internal,Southwest,6-10yrs,Medium,0,2,58000,0,58000
3,1432,3,N,-5,-2,External,Midwest,0-5yrs,Small,2,0,42000,42000,0
3,1433,3,N,-5,-2,Internal,Southwest,0-5yrs,Small,0,0,0,0,0
3,1449,2,N,-4,-2,External,Northeast,0-5yrs,Small,1,0,21000,21000,0
3,1450,1,N,-4,-3,External,Southeast,0-5yrs,Medium,0,0,0,0,0
3,1451,1,N,-4,-3,External,Southwest,0-5yrs,Small,1,0,21000,21000,0
3,1452,1,N,-4,-3,External,Northeast,0-5yrs,Large,0,0,0,0,0
3,1453,1,N,-4,-3,External,West,0-5yrs,Small,0,1,29000,0,29000
3,1454,1,N,-4,-3,External,West,0-5yrs,Small,1,2,79000,21000,58000
3,1455,5,N,-4,1,External,Southeast,0-5yrs,Small,2,3,129000,42000,87000
3,1456,2,N,-4,-2,External,Southwest,0-5yrs,Small,1,2,79000,21000,58000
3,1457,1,N,-4,-3,External,Southwest,10+yrs,Small,0,1,29000,0,29000
3,1458,4,N,-4,0,External,Southeast,10+yrs,Small,1,0,21000,21000,0
3,1459,3,N,-4,-1,External,Southwest,0-5yrs,Small,0,2,58000,0,58000
3,1460,1,N,-4,-3,External,Southwest,6-10yrs,Small,0,0,0,0,0
3,1461,4,N,-4,0,Internal,Northeast,10+yrs,Small,2,1,71000,42000,29000
3,1462,1,N,-4,-3,Internal,Southeast,0-5yrs,Large,0,3,87000,0,87000
3,1463,1,N,-4,-3,Internal,Northeast,10+yrs,Small,0,0,0,0,0
3,1464,6,N,-4,2,Internal,Northeast,0-5yrs,Large,1,2,79000,21000,58000
3,1465,3,N,-4,-1,Internal,Midwest,10+yrs,Large,0,3,87000,0,87000
3,1466,2,N,-4,-2,Internal,Southwest,0-5yrs,Small,0,2,58000,0,58000
3,1467,2,N,-4,-2,Internal,Midwest,0-5yrs,Small,0,0,0,0,0
3,1468,1,N,-4,-3,Internal,Northeast,0-5yrs,Small,0,0,0,0,0
3,1469,1,N,-4,-3,Internal,Northeast,0-5yrs,Small,2,0,42000,42000,0
3,1470,1,N,-4,-3,Internal,West,0-5yrs,Small,0,1,29000,0,29000
3,1471,5,N,-4,1,Internal,Southwest,0-5yrs,Medium,0,1,29000,0,29000
3,1472,4,N,-4,0,Internal,Southeast,6-10yrs,Small,1,1,50000,21000,29000
3,1569,1,N,-3,-2,External,Northeast,0-5yrs,Small,0,2,58000,0,58000
3,1570,5,N,-3,2,External,Midwest,0-5yrs,Small,2,1,71000,42000,29000
3,1571,1,N,-3,-2,External,West,6-10yrs,Small,1,1,50000,21000,29000
3,1572,2,N,-3,-1,External,West,0-5yrs,Small,2,3,129000,42000,87000
3,1573,2,N,-3,-1,External,Southeast,0-5yrs,Small,0,0,0,0,0
3,1574,3,N,-3,0,External,Northeast,0-5yrs,Medium,0,0,0,0,0
3,1575,3,N,-3,0,Internal,Midwest,0-5yrs,Small,2,3,129000,42000,87000
3,1576,6,Y,-3,,Internal,Southeast,6-10yrs,Small,2,0,42000,42000,0
3,1577,4,N,-3,1,Internal,Southwest,10+yrs,Large,1,1,50000,21000,29000
3,1578,5,N,-3,2,Internal,Southwest,10+yrs,Medium,4,1,113000,84000,29000
3,1579,4,N,-3,1,Internal,Southwest,0-5yrs,Small,0,6,174000,0,174000
3,1641,2,N,-2,0,External,Midwest,0-5yrs,Small,1,3,108000,21000,87000
3,1642,2,N,-2,0,External,Northeast,0-5yrs,Medium,1,4,137000,21000,116000
3,1643,4,N,-2,2,External,West,10+yrs,Small,2,1,71000,42000,29000
3,1644,5,Y,-2,,External,West,0-5yrs,Large,2,1,71000,42000,29000
3,1645,2,N,-2,0,External,Southwest,0-5yrs,Medium,1,0,21000,21000,0
3,1646,1,N,-2,-1,External,Midwest,6-10yrs,Small,0,1,29000,0,29000
3,1647,5,Y,-2,,External,Southeast,10+yrs,Medium,1,0,21000,21000,0
3,1648,1,N,-2,-1,External,Midwest,0-5yrs,Small,0,2,58000,0,58000
3,1649,1,N,-2,-1,External,Southeast,10+yrs,Medium,1,1,50000,21000,29000
3,1650,2,N,-2,0,External,Northeast,6-10yrs,Large,1,1,50000,21000,29000
3,1651,5,Y,-2,,External,Southeast,0-5yrs,Small,0,0,0,0,0
3,1652,5,Y,-2,,External,West,10+yrs,Medium,5,4,221000,105000,116000
3,1653,4,N,-2,2,External,West,0-5yrs,Small,1,0,21000,21000,0
3,1654,2,N,-2,0,Internal,Midwest,0-5yrs,Small,1,0,21000,21000,0
3,1655,1,N,-2,-1,Internal,Southwest,0-5yrs,Small,1,1,50000,21000,29000
3,1656,3,N,-2,1,Internal,Southeast,0-5yrs,Small,2,0,42000,42000,0
3,1657,2,N,-2,0,Internal,Southwest,6-10yrs,Small,1,0,21000,21000,0
3,1658,1,N,-2,-1,Internal,Southeast,0-5yrs,Medium,1,0,21000,21000,0
3,1659,1,N,-2,-1,Internal,Northeast,10+yrs,Small,1,1,50000,21000,29000
3,1660,3,N,-2,1,Internal,Midwest,6-10yrs,Large,1,0,21000,21000,0
3,1661,5,Y,-2,,Internal,Midwest,0-5yrs,Large,2,7,245000,42000,203000
3,1662,5,Y,-2,,Internal,Southwest,6-10yrs,Medium,1,2,79000,21000,58000
3,1663,4,N,-2,2,Internal,Northeast,0-5yrs,Small,0,3,87000,0,87000
3,1664,3,N,-2,1,Internal,West,6-10yrs,Small,2,0,42000,42000,0
3,1665,5,Y,-2,,Internal,Southeast,0-5yrs,Small,1,2,79000,21000,58000
3,1666,5,Y,-2,,Internal,Southwest,6-10yrs,Small,0,2,58000,0,58000
3,1798,1,N,-1,0,External,Southeast,6-10yrs,Large,0,1,29000,0,29000
3,1799,1,N,-1,0,External,West,0-5yrs,Medium,1,1,50000,21000,29000
3,1800,1,N,-1,0,External,Northeast,0-5yrs,Medium,2,3,129000,42000,87000
3,1801,3,N,-1,2,External,Southeast,0-5yrs,Small,1,2,79000,21000,58000
3,1802,4,Y,-1,,External,Southeast,6-10yrs,Small,1,3,108000,21000,87000
3,1803,3,N,-1,2,External,Southeast,6-10yrs,Large,2,1,71000,42000,29000
3,1804,4,Y,-1,,External,Southeast,6-10yrs,Medium,2,1,71000,42000,29000
3,1805,4,Y,-1,,External,West,0-5yrs,Small,1,0,21000,21000,0
3,1806,4,Y,-1,,External,West,0-5yrs,Small,1,3,108000,21000,87000
3,1807,1,N,-1,0,External,Southwest,6-10yrs,Small,1,0,21000,21000,0
3,1808,3,N,-1,2,Internal,Northeast,0-5yrs,Small,4,0,84000,84000,0
3,1809,4,Y,-1,,Internal,Southeast,0-5yrs,Small,0,1,29000,0,29000
3,1810,4,Y,-1,,Internal,Southeast,0-5yrs,Small,0,7,203000,0,203000
3,1811,2,N,-1,1,Internal,Northeast,0-5yrs,Small,0,1,29000,0,29000
3,1812,1,N,-1,0,Internal,Southwest,10+yrs,Medium,1,2,79000,21000,58000
3,1813,4,Y,-1,,Internal,Midwest,0-5yrs,Medium,1,4,137000,21000,116000
3,1814,4,Y,-1,,Internal,Southwest,0-5yrs,Small,0,2,58000,0,58000
3,1815,2,N,-1,1,Internal,Southwest,0-5yrs,Small,0,1,29000,0,29000
3,1816,1,N,-1,0,Internal,West,0-5yrs,Small,1,0,21000,21000,0
3,1817,4,Y,-1,,Internal,Southwest,10+yrs,Large,3,2,121000,63000,58000
3,1945,3,Y,0,,Referral,Southeast,0-5yrs,Small,0,0,0,0,0
3,1946,1,N,0,1,Referral,Southeast,0-5yrs,Medium,1,1,50000,21000,29000
3,1947,1,N,0,1,External,Southwest,0-5yrs,Small,2,2,100000,42000,58000
3,1948,2,N,0,2,External,Southeast,0-5yrs,Large,1,2,79000,21000,58000
3,1949,1,N,0,1,External,West,6-10yrs,Large,1,3,108000,21000,87000
3,1950,3,Y,0,,External,West,10+yrs,Medium,0,1,29000,0,29000
3,1951,2,N,0,2,External,West,0-5yrs,Small,1,0,21000,21000,0
3,1952,3,Y,0,,External,Southeast,0-5yrs,Small,0,0,0,0,0
3,1953,3,Y,0,,External,Southwest,0-5yrs,Small,0,0,0,0,0
3,1954,2,N,0,2,External,Midwest,0-5yrs,Small,4,1,113000,84000,29000
3,1955,3,Y,0,,External,West,0-5yrs,Small,0,0,0,0,0
3,1956,3,Y,0,,External,Midwest,0-5yrs,Large,1,1,50000,21000,29000
3,1957,1,N,0,1,Internal,Northeast,0-5yrs,Medium,3,2,121000,63000,58000
3,1958,1,N,0,1,Internal,Midwest,0-5yrs,Medium,1,0,21000,21000,0
3,1959,3,Y,0,,Internal,West,0-5yrs,Small,4,1,113000,84000,29000
3,1960,1,N,0,1,Internal,Northeast,0-5yrs,Small,0,2,58000,0,58000
3,1961,2,N,0,2,Internal,West,10+yrs,Medium,2,1,71000,42000,29000
3,1962,2,N,0,2,Internal,Northeast,0-5yrs,Small,1,1,50000,21000,29000
3,1963,3,Y,0,,Internal,Southwest,6-10yrs,Medium,5,2,163000,105000,58000
3,1964,3,Y,0,,Internal,West,6-10yrs,Large,1,0,21000,21000,0
3,1965,2,N,0,2,Internal,Southeast,0-5yrs,Small,0,0,0,0,0
3,2067,2,Y,1,,Referral,Southwest,0-5yrs,Medium,3,2,121000,63000,58000
3,2068,2,Y,1,,External,Midwest,6-10yrs,Small,1,2,79000,21000,58000
3,2069,1,N,1,2,External,Northeast,6-10yrs,Large,1,0,21000,21000,0
3,2070,1,N,1,2,Internal,Southeast,6-10yrs,Small,0,0,0,0,0
3,2071,2,Y,1,,Internal,West,6-10yrs,Medium,3,4,179000,63000,116000
3,2072,2,Y,1,,Internal,Midwest,10+yrs,Small,2,4,158000,42000,116000
3,2073,2,Y,1,,Internal,Southwest,0-5yrs,Small,0,1,29000,0,29000
3,2074,2,Y,1,,Internal,Southwest,6-10yrs,Small,1,2,79000,21000,58000
3,2297,1,Y,2,,External,Southwest,0-5yrs,Small,0,0,0,0,0
3,2298,1,Y,2,,External,Midwest,6-10yrs,Large,0,0,0,0,0
3,2299,1,Y,2,,External,West,10+yrs,Medium,1,0,21000,21000,0
3,2300,1,Y,2,,External,Midwest,6-10yrs,Small,0,0,0,0,0
3,2301,1,Y,2,,Internal,Southwest,0-5yrs,Small,1,0,21000,21000,0
3,2302,1,Y,2,,Internal,Southwest,10+yrs,Medium,1,2,79000,21000,58000
3,2303,1,Y,2,,Internal,Southeast,10+yrs,Small,0,1,29000,0,29000
3,2304,1,Y,2,,Internal,Midwest,6-10yrs,Small,1,0,21000,21000,0
